question_index,clause_type,contract_id,noise_type,snr,n_noise,faithfulness,answer_relevancy,context_precision,context_recall
0,Governing Law,WARNINGMANAGEMENTSERVICESINC_12_10_1999-EX-10-ENDORSEMENT AGREEMENT,baseline,1.0,0,1.0,0.6460472278394553,0.9999999999,1.0
0,Governing Law,WARNINGMANAGEMENTSERVICESINC_12_10_1999-EX-10-ENDORSEMENT AGREEMENT,random,0.5,4,1.0,0.6461074456979227,0.9999999999,1.0
0,Governing Law,WARNINGMANAGEMENTSERVICESINC_12_10_1999-EX-10-ENDORSEMENT AGREEMENT,topical,0.5,4,1.0,0.6230950827120696,0.9999999999,1.0
0,Governing Law,WARNINGMANAGEMENTSERVICESINC_12_10_1999-EX-10-ENDORSEMENT AGREEMENT,adversarial,0.5,4,0.75,0.0,0.9999999999,1.0
0,Governing Law,WARNINGMANAGEMENTSERVICESINC_12_10_1999-EX-10-ENDORSEMENT AGREEMENT,random,0.33,8,1.0,0.0,0.9999999999,1.0
0,Governing Law,WARNINGMANAGEMENTSERVICESINC_12_10_1999-EX-10-ENDORSEMENT AGREEMENT,topical,0.33,8,1.0,0.6230950827120696,0.8333333332916666,1.0
0,Governing Law,WARNINGMANAGEMENTSERVICESINC_12_10_1999-EX-10-ENDORSEMENT AGREEMENT,adversarial,0.33,8,0.6,0.6032767126241415,0.6111111110805556,1.0
0,Governing Law,WARNINGMANAGEMENTSERVICESINC_12_10_1999-EX-10-ENDORSEMENT AGREEMENT,random,0.25,12,0.75,0.6357461870093413,0.9999999999,1.0
0,Governing Law,WARNINGMANAGEMENTSERVICESINC_12_10_1999-EX-10-ENDORSEMENT AGREEMENT,topical,0.25,12,1.0,0.6230950827120696,0.9999999999,1.0
0,Governing Law,WARNINGMANAGEMENTSERVICESINC_12_10_1999-EX-10-ENDORSEMENT AGREEMENT,adversarial,0.25,12,0.6,0.0,0.9999999999,1.0
0,Governing Law,WARNINGMANAGEMENTSERVICESINC_12_10_1999-EX-10-ENDORSEMENT AGREEMENT,random,0.17,20,1.0,0.6230950827120696,0.9999999999,1.0
0,Governing Law,WARNINGMANAGEMENTSERVICESINC_12_10_1999-EX-10-ENDORSEMENT AGREEMENT,topical,0.17,20,1.0,0.6230950827120696,0.9999999999,1.0
0,Governing Law,WARNINGMANAGEMENTSERVICESINC_12_10_1999-EX-10-ENDORSEMENT AGREEMENT,adversarial,0.17,20,0.6363636363636364,0.0,0.5555555555277778,1.0
1,Governing Law,HertzGroupRealtyTrustInc_20190920_S-11A_EX-10.8_11816941_EX-10.8_Trademark License Agreement,baseline,1.0,0,1.0,0.5954976913275369,0.9999999999,1.0
1,Governing Law,HertzGroupRealtyTrustInc_20190920_S-11A_EX-10.8_11816941_EX-10.8_Trademark License Agreement,random,0.5,4,1.0,0.595503910153282,0.9999999999,1.0
1,Governing Law,HertzGroupRealtyTrustInc_20190920_S-11A_EX-10.8_11816941_EX-10.8_Trademark License Agreement,topical,0.5,4,1.0,0.5954976913275369,0.9999999999,1.0
1,Governing Law,HertzGroupRealtyTrustInc_20190920_S-11A_EX-10.8_11816941_EX-10.8_Trademark License Agreement,adversarial,0.5,4,1.0,0.6032584851728369,0.8333333332916666,1.0
1,Governing Law,HertzGroupRealtyTrustInc_20190920_S-11A_EX-10.8_11816941_EX-10.8_Trademark License Agreement,random,0.33,8,1.0,0.5954976913275369,0.9999999999,1.0
1,Governing Law,HertzGroupRealtyTrustInc_20190920_S-11A_EX-10.8_11816941_EX-10.8_Trademark License Agreement,topical,0.33,8,1.0,0.585850490548695,0.6666666666333333,1.0
1,Governing Law,HertzGroupRealtyTrustInc_20190920_S-11A_EX-10.8_11816941_EX-10.8_Trademark License Agreement,adversarial,0.33,8,1.0,0.6357461870093413,0.642857142825,1.0
1,Governing Law,HertzGroupRealtyTrustInc_20190920_S-11A_EX-10.8_11816941_EX-10.8_Trademark License Agreement,random,0.25,12,1.0,0.5858488030903826,0.6111111110805556,1.0
1,Governing Law,HertzGroupRealtyTrustInc_20190920_S-11A_EX-10.8_11816941_EX-10.8_Trademark License Agreement,topical,0.25,12,1.0,0.6094065633384375,0.7555555555303703,1.0
1,Governing Law,HertzGroupRealtyTrustInc_20190920_S-11A_EX-10.8_11816941_EX-10.8_Trademark License Agreement,adversarial,0.25,12,0.5625,0.6094065633384375,0.6111111110805556,1.0
1,Governing Law,HertzGroupRealtyTrustInc_20190920_S-11A_EX-10.8_11816941_EX-10.8_Trademark License Agreement,random,0.17,20,1.0,0.5954976913275369,0.7361111110927084,1.0
1,Governing Law,HertzGroupRealtyTrustInc_20190920_S-11A_EX-10.8_11816941_EX-10.8_Trademark License Agreement,topical,0.17,20,1.0,0.5954976913275369,0.5666666666383333,1.0
1,Governing Law,HertzGroupRealtyTrustInc_20190920_S-11A_EX-10.8_11816941_EX-10.8_Trademark License Agreement,adversarial,0.17,20,0.4444444444444444,0.0,0.5074074073904938,1.0
2,Governing Law,SmartRxSystemsInc_20180914_1-A_EX1A-6 MAT CTRCT_11351705_EX1A-6 MAT CTRCT_Distributor Agreement,baseline,1.0,0,1.0,0.4117696721174846,0.9999999999,1.0
2,Governing Law,SmartRxSystemsInc_20180914_1-A_EX1A-6 MAT CTRCT_11351705_EX1A-6 MAT CTRCT_Distributor Agreement,random,0.5,4,0.8,0.0,0.9999999999,1.0
2,Governing Law,SmartRxSystemsInc_20180914_1-A_EX1A-6 MAT CTRCT_11351705_EX1A-6 MAT CTRCT_Distributor Agreement,topical,0.5,4,1.0,0.4117696721174846,0.9999999999,1.0
2,Governing Law,SmartRxSystemsInc_20180914_1-A_EX1A-6 MAT CTRCT_11351705_EX1A-6 MAT CTRCT_Distributor Agreement,adversarial,0.5,4,0.6666666666666666,0.0,0.9999999999,1.0
2,Governing Law,SmartRxSystemsInc_20180914_1-A_EX1A-6 MAT CTRCT_11351705_EX1A-6 MAT CTRCT_Distributor Agreement,random,0.33,8,1.0,0.411769370206779,0.9999999999,1.0
2,Governing Law,SmartRxSystemsInc_20180914_1-A_EX1A-6 MAT CTRCT_11351705_EX1A-6 MAT CTRCT_Distributor Agreement,topical,0.33,8,1.0,0.411769370206779,0.9999999999,1.0
2,Governing Law,SmartRxSystemsInc_20180914_1-A_EX1A-6 MAT CTRCT_11351705_EX1A-6 MAT CTRCT_Distributor Agreement,adversarial,0.33,8,0.3333333333333333,0.0,0.99999999995,1.0
2,Governing Law,SmartRxSystemsInc_20180914_1-A_EX1A-6 MAT CTRCT_11351705_EX1A-6 MAT CTRCT_Distributor Agreement,random,0.25,12,0.5,0.411769370206779,0.9999999999,1.0
2,Governing Law,SmartRxSystemsInc_20180914_1-A_EX1A-6 MAT CTRCT_11351705_EX1A-6 MAT CTRCT_Distributor Agreement,topical,0.25,12,0.8,0.4118229928103013,0.9999999999,1.0
2,Governing Law,SmartRxSystemsInc_20180914_1-A_EX1A-6 MAT CTRCT_11351705_EX1A-6 MAT CTRCT_Distributor Agreement,adversarial,0.25,12,0.375,0.5921591798267778,0.9999999999,1.0
2,Governing Law,SmartRxSystemsInc_20180914_1-A_EX1A-6 MAT CTRCT_11351705_EX1A-6 MAT CTRCT_Distributor Agreement,random,0.17,20,1.0,0.4117696721174846,0.9999999999,1.0
2,Governing Law,SmartRxSystemsInc_20180914_1-A_EX1A-6 MAT CTRCT_11351705_EX1A-6 MAT CTRCT_Distributor Agreement,topical,0.17,20,0.8,0.4117696721174846,0.5714285713999999,1.0
2,Governing Law,SmartRxSystemsInc_20180914_1-A_EX1A-6 MAT CTRCT_11351705_EX1A-6 MAT CTRCT_Distributor Agreement,adversarial,0.17,20,0.6363636363636364,0.0,0.6666666666333333,1.0
3,Governing Law,PhasebioPharmaceuticalsInc_20200330_10-K_EX-10.21_12086810_EX-10.21_Development Agreement,baseline,1.0,0,1.0,0.5782778405859135,0.9999999999,1.0
3,Governing Law,PhasebioPharmaceuticalsInc_20200330_10-K_EX-10.21_12086810_EX-10.21_Development Agreement,random,0.5,4,0.75,0.0,0.7499999999625,1.0
3,Governing Law,PhasebioPharmaceuticalsInc_20200330_10-K_EX-10.21_12086810_EX-10.21_Development Agreement,topical,0.5,4,1.0,0.6094065633384375,0.9999999999,1.0
3,Governing Law,PhasebioPharmaceuticalsInc_20200330_10-K_EX-10.21_12086810_EX-10.21_Development Agreement,adversarial,0.5,4,0.8,0.0,0.9999999999,1.0
3,Governing Law,PhasebioPharmaceuticalsInc_20200330_10-K_EX-10.21_12086810_EX-10.21_Development Agreement,random,0.33,8,1.0,0.5782778405859135,0.699999999965,1.0
3,Governing Law,PhasebioPharmaceuticalsInc_20200330_10-K_EX-10.21_12086810_EX-10.21_Development Agreement,topical,0.33,8,1.0,0.5782778405859135,0.6111111110805556,1.0
3,Governing Law,PhasebioPharmaceuticalsInc_20200330_10-K_EX-10.21_12086810_EX-10.21_Development Agreement,adversarial,0.33,8,0.3333333333333333,0.0,0.7291666666484374,1.0
3,Governing Law,PhasebioPharmaceuticalsInc_20200330_10-K_EX-10.21_12086810_EX-10.21_Development Agreement,random,0.25,12,1.0,0.5782761416134129,0.9999999999,1.0
3,Governing Law,PhasebioPharmaceuticalsInc_20200330_10-K_EX-10.21_12086810_EX-10.21_Development Agreement,topical,0.25,12,1.0,0.5782778405859135,0.5769230768942307,1.0
3,Governing Law,PhasebioPharmaceuticalsInc_20200330_10-K_EX-10.21_12086810_EX-10.21_Development Agreement,adversarial,0.25,12,0.5263157894736842,0.609437043784124,0.6111111110805556,1.0
3,Governing Law,PhasebioPharmaceuticalsInc_20200330_10-K_EX-10.21_12086810_EX-10.21_Development Agreement,random,0.17,20,1.0,0.5782778405859135,0.8333333332916666,1.0
3,Governing Law,PhasebioPharmaceuticalsInc_20200330_10-K_EX-10.21_12086810_EX-10.21_Development Agreement,topical,0.17,20,1.0,0.5782778405859135,0.9999999999,1.0
3,Governing Law,PhasebioPharmaceuticalsInc_20200330_10-K_EX-10.21_12086810_EX-10.21_Development Agreement,adversarial,0.17,20,0.5714285714285714,0.6094065633384375,0.7071428571251787,1.0
4,Governing Law,ImpresseCorp_20000322_S-1A_EX-10.11_5199234_EX-10.11_Co-Branding Agreement,baseline,1.0,0,1.0,0.6572400368782024,0.9999999999,1.0
4,Governing Law,ImpresseCorp_20000322_S-1A_EX-10.11_5199234_EX-10.11_Co-Branding Agreement,random,0.5,4,1.0,0.6572400368782024,0.9999999999,1.0
4,Governing Law,ImpresseCorp_20000322_S-1A_EX-10.11_5199234_EX-10.11_Co-Branding Agreement,topical,0.5,4,1.0,0.6572400368782024,0.9999999999,1.0
4,Governing Law,ImpresseCorp_20000322_S-1A_EX-10.11_5199234_EX-10.11_Co-Branding Agreement,adversarial,0.5,4,0.5714285714285714,0.6032767126241415,0.9999999999,1.0
4,Governing Law,ImpresseCorp_20000322_S-1A_EX-10.11_5199234_EX-10.11_Co-Branding Agreement,random,0.33,8,0.75,0.6572400368782024,0.9999999999,1.0
4,Governing Law,ImpresseCorp_20000322_S-1A_EX-10.11_5199234_EX-10.11_Co-Branding Agreement,topical,0.33,8,0.75,0.6572400368782024,0.99999999995,1.0
4,Governing Law,ImpresseCorp_20000322_S-1A_EX-10.11_5199234_EX-10.11_Co-Branding Agreement,adversarial,0.33,8,0.8,0.6303524709508671,0.7291666666484374,1.0
4,Governing Law,ImpresseCorp_20000322_S-1A_EX-10.11_5199234_EX-10.11_Co-Branding Agreement,random,0.25,12,0.75,0.6572400368782024,0.8333333332916666,1.0
4,Governing Law,ImpresseCorp_20000322_S-1A_EX-10.11_5199234_EX-10.11_Co-Branding Agreement,topical,0.25,12,1.0,0.6572400368782024,0.9999999999,1.0
4,Governing Law,ImpresseCorp_20000322_S-1A_EX-10.11_5199234_EX-10.11_Co-Branding Agreement,adversarial,0.25,12,0.6666666666666666,0.6032767126241415,0.5353535353356902,1.0
4,Governing Law,ImpresseCorp_20000322_S-1A_EX-10.11_5199234_EX-10.11_Co-Branding Agreement,random,0.17,20,0.75,0.6572400368782024,0.43977591034948643,1.0
4,Governing Law,ImpresseCorp_20000322_S-1A_EX-10.11_5199234_EX-10.11_Co-Branding Agreement,topical,0.17,20,0.6666666666666666,0.6572400368782024,0.5499999999725,1.0
4,Governing Law,ImpresseCorp_20000322_S-1A_EX-10.11_5199234_EX-10.11_Co-Branding Agreement,adversarial,0.17,20,0.4,0.0,0.6103238866244179,1.0
5,Governing Law,"Sonos, Inc. - Manufacturing Agreement ",baseline,1.0,0,1.0,0.5808155852296691,0.9999999999,1.0
5,Governing Law,"Sonos, Inc. - Manufacturing Agreement ",random,0.5,4,1.0,0.5808379640810133,0.9999999999,1.0
5,Governing Law,"Sonos, Inc. - Manufacturing Agreement ",topical,0.5,4,1.0,0.0,0.99999999995,1.0
5,Governing Law,"Sonos, Inc. - Manufacturing Agreement ",adversarial,0.5,4,0.25,0.0,0.7555555555303703,1.0
5,Governing Law,"Sonos, Inc. - Manufacturing Agreement ",random,0.33,8,1.0,0.42608951101295406,0.9999999999,1.0
5,Governing Law,"Sonos, Inc. - Manufacturing Agreement ",topical,0.33,8,1.0,0.5808155852296691,0.9999999999,1.0
5,Governing Law,"Sonos, Inc. - Manufacturing Agreement ",adversarial,0.33,8,0.6,0.6032767126241415,0.6249999999791667,1.0
5,Governing Law,"Sonos, Inc. - Manufacturing Agreement ",random,0.25,12,1.0,0.5808155852296691,0.9999999999,1.0
5,Governing Law,"Sonos, Inc. - Manufacturing Agreement ",topical,0.25,12,1.0,0.5933718072463431,0.5769230768942307,1.0
5,Governing Law,"Sonos, Inc. - Manufacturing Agreement ",adversarial,0.25,12,0.6153846153846154,0.6032767126241415,0.5873015872820105,1.0
5,Governing Law,"Sonos, Inc. - Manufacturing Agreement ",random,0.17,20,1.0,0.5807834435974788,0.9999999999,1.0
5,Governing Law,"Sonos, Inc. - Manufacturing Agreement ",topical,0.17,20,1.0,0.5808270172965146,0.7499999999625,1.0
5,Governing Law,"Sonos, Inc. - Manufacturing Agreement ",adversarial,0.17,20,0.47058823529411764,0.6032767126241415,0.4357638888779948,1.0
6,Governing Law,"OTISWORLDWIDECORP_04_03_2020-EX-10.4-INTELLECTUAL PROPERTY AGREEMENT by and among UNITED TECHNOLOGIES CORPORATION, OTIS WORLDWIDE CORPORATION and CARRIER ~1",baseline,1.0,0,1.0,0.6468248575295498,0.9999999999,1.0
6,Governing Law,"OTISWORLDWIDECORP_04_03_2020-EX-10.4-INTELLECTUAL PROPERTY AGREEMENT by and among UNITED TECHNOLOGIES CORPORATION, OTIS WORLDWIDE CORPORATION and CARRIER ~1",random,0.5,4,1.0,0.6032767126241415,0.9999999999,1.0
6,Governing Law,"OTISWORLDWIDECORP_04_03_2020-EX-10.4-INTELLECTUAL PROPERTY AGREEMENT by and among UNITED TECHNOLOGIES CORPORATION, OTIS WORLDWIDE CORPORATION and CARRIER ~1",topical,0.5,4,1.0,0.6468248575295498,0.7499999999625,1.0
6,Governing Law,"OTISWORLDWIDECORP_04_03_2020-EX-10.4-INTELLECTUAL PROPERTY AGREEMENT by and among UNITED TECHNOLOGIES CORPORATION, OTIS WORLDWIDE CORPORATION and CARRIER ~1",adversarial,0.5,4,0.7142857142857143,0.6032584851728369,0.9999999999,1.0
6,Governing Law,"OTISWORLDWIDECORP_04_03_2020-EX-10.4-INTELLECTUAL PROPERTY AGREEMENT by and among UNITED TECHNOLOGIES CORPORATION, OTIS WORLDWIDE CORPORATION and CARRIER ~1",random,0.33,8,1.0,0.6572435162562394,0.9999999999,1.0
6,Governing Law,"OTISWORLDWIDECORP_04_03_2020-EX-10.4-INTELLECTUAL PROPERTY AGREEMENT by and among UNITED TECHNOLOGIES CORPORATION, OTIS WORLDWIDE CORPORATION and CARRIER ~1",topical,0.33,8,0.5,0.6572400368782024,0.9999999999,1.0
6,Governing Law,"OTISWORLDWIDECORP_04_03_2020-EX-10.4-INTELLECTUAL PROPERTY AGREEMENT by and among UNITED TECHNOLOGIES CORPORATION, OTIS WORLDWIDE CORPORATION and CARRIER ~1",adversarial,0.33,8,0.6,0.0,0.8333333332916666,1.0
6,Governing Law,"OTISWORLDWIDECORP_04_03_2020-EX-10.4-INTELLECTUAL PROPERTY AGREEMENT by and among UNITED TECHNOLOGIES CORPORATION, OTIS WORLDWIDE CORPORATION and CARRIER ~1",random,0.25,12,0.8333333333333334,0.6572400368782024,0.5694444444254629,1.0
6,Governing Law,"OTISWORLDWIDECORP_04_03_2020-EX-10.4-INTELLECTUAL PROPERTY AGREEMENT by and among UNITED TECHNOLOGIES CORPORATION, OTIS WORLDWIDE CORPORATION and CARRIER ~1",topical,0.25,12,1.0,0.6572400368782024,0.5833333333041667,1.0
6,Governing Law,"OTISWORLDWIDECORP_04_03_2020-EX-10.4-INTELLECTUAL PROPERTY AGREEMENT by and among UNITED TECHNOLOGIES CORPORATION, OTIS WORLDWIDE CORPORATION and CARRIER ~1",adversarial,0.25,12,0.3333333333333333,0.0,0.49074074072438273,1.0
6,Governing Law,"OTISWORLDWIDECORP_04_03_2020-EX-10.4-INTELLECTUAL PROPERTY AGREEMENT by and among UNITED TECHNOLOGIES CORPORATION, OTIS WORLDWIDE CORPORATION and CARRIER ~1",random,0.17,20,0.8333333333333334,0.6572400368782024,0.9999999999,1.0
6,Governing Law,"OTISWORLDWIDECORP_04_03_2020-EX-10.4-INTELLECTUAL PROPERTY AGREEMENT by and among UNITED TECHNOLOGIES CORPORATION, OTIS WORLDWIDE CORPORATION and CARRIER ~1",topical,0.17,20,0.8333333333333334,0.6572400368782024,0.62499999996875,1.0
6,Governing Law,"OTISWORLDWIDECORP_04_03_2020-EX-10.4-INTELLECTUAL PROPERTY AGREEMENT by and among UNITED TECHNOLOGIES CORPORATION, OTIS WORLDWIDE CORPORATION and CARRIER ~1",adversarial,0.17,20,0.5714285714285714,0.6303524709508671,0.4415204678215399,1.0
7,Governing Law,CHAPARRALRESOURCESINC_03_30_2000-EX-10.66-TRANSPORTATION CONTRACT,baseline,1.0,0,1.0,0.5841614933604184,0.9999999999,1.0
7,Governing Law,CHAPARRALRESOURCESINC_03_30_2000-EX-10.66-TRANSPORTATION CONTRACT,random,0.5,4,1.0,0.45720423055892695,0.9999999999,1.0
7,Governing Law,CHAPARRALRESOURCESINC_03_30_2000-EX-10.66-TRANSPORTATION CONTRACT,topical,0.5,4,1.0,0.584166253848614,0.9999999999,1.0
7,Governing Law,CHAPARRALRESOURCESINC_03_30_2000-EX-10.66-TRANSPORTATION CONTRACT,adversarial,0.5,4,0.75,0.6357188973415056,0.9999999999,1.0
7,Governing Law,CHAPARRALRESOURCESINC_03_30_2000-EX-10.66-TRANSPORTATION CONTRACT,random,0.33,8,1.0,0.5809658390928288,0.9999999999,1.0
7,Governing Law,CHAPARRALRESOURCESINC_03_30_2000-EX-10.66-TRANSPORTATION CONTRACT,topical,0.33,8,1.0,0.5841614933604184,0.9999999999,1.0
7,Governing Law,CHAPARRALRESOURCESINC_03_30_2000-EX-10.66-TRANSPORTATION CONTRACT,adversarial,0.33,8,0.5,0.6032767126241415,0.8333333332916666,1.0
7,Governing Law,CHAPARRALRESOURCESINC_03_30_2000-EX-10.66-TRANSPORTATION CONTRACT,random,0.25,12,1.0,0.4572146586093756,0.5833333333041667,1.0
7,Governing Law,CHAPARRALRESOURCESINC_03_30_2000-EX-10.66-TRANSPORTATION CONTRACT,topical,0.25,12,0.5,0.45720423055892695,0.99999999995,1.0
7,Governing Law,CHAPARRALRESOURCESINC_03_30_2000-EX-10.66-TRANSPORTATION CONTRACT,adversarial,0.25,12,0.6666666666666666,0.6303524709508671,0.9999999999,1.0
7,Governing Law,CHAPARRALRESOURCESINC_03_30_2000-EX-10.66-TRANSPORTATION CONTRACT,random,0.17,20,0.75,0.6357461870093413,0.4588235293964706,1.0
7,Governing Law,CHAPARRALRESOURCESINC_03_30_2000-EX-10.66-TRANSPORTATION CONTRACT,topical,0.17,20,0.6666666666666666,0.6572400368782024,0.5526315789197368,1.0
7,Governing Law,CHAPARRALRESOURCESINC_03_30_2000-EX-10.66-TRANSPORTATION CONTRACT,adversarial,0.17,20,0.2222222222222222,0.6094065633384375,0.6111111110805556,1.0
8,Governing Law,MOELIS_CO_03_24_2014-EX-10.19-STRATEGIC ALLIANCE AGREEMENT,baseline,1.0,0,1.0,0.6094065633384375,0.9999999999,1.0
8,Governing Law,MOELIS_CO_03_24_2014-EX-10.19-STRATEGIC ALLIANCE AGREEMENT,random,0.5,4,1.0,0.6093922093369287,0.7499999999625,1.0
8,Governing Law,MOELIS_CO_03_24_2014-EX-10.19-STRATEGIC ALLIANCE AGREEMENT,topical,0.5,4,1.0,0.6093922093369287,0.9999999999,1.0
8,Governing Law,MOELIS_CO_03_24_2014-EX-10.19-STRATEGIC ALLIANCE AGREEMENT,adversarial,0.5,4,0.7,0.0,0.99999999995,1.0
8,Governing Law,MOELIS_CO_03_24_2014-EX-10.19-STRATEGIC ALLIANCE AGREEMENT,random,0.33,8,0.42857142857142855,0.0,0.9999999999,1.0
8,Governing Law,MOELIS_CO_03_24_2014-EX-10.19-STRATEGIC ALLIANCE AGREEMENT,topical,0.33,8,0.5,0.6094065633384375,0.6666666666333333,1.0
8,Governing Law,MOELIS_CO_03_24_2014-EX-10.19-STRATEGIC ALLIANCE AGREEMENT,adversarial,0.33,8,0.5,0.7868776524385368,0.6527777777614584,1.0
8,Governing Law,MOELIS_CO_03_24_2014-EX-10.19-STRATEGIC ALLIANCE AGREEMENT,random,0.25,12,1.0,0.6330134256342325,0.62499999996875,1.0
8,Governing Law,MOELIS_CO_03_24_2014-EX-10.19-STRATEGIC ALLIANCE AGREEMENT,topical,0.25,12,1.0,0.6180594238325038,0.9999999999,1.0
8,Governing Law,MOELIS_CO_03_24_2014-EX-10.19-STRATEGIC ALLIANCE AGREEMENT,adversarial,0.25,12,1.0,0.6032953460002477,0.6255555555430444,1.0
8,Governing Law,MOELIS_CO_03_24_2014-EX-10.19-STRATEGIC ALLIANCE AGREEMENT,random,0.17,20,0.2,0.0,0.9999999999,1.0
8,Governing Law,MOELIS_CO_03_24_2014-EX-10.19-STRATEGIC ALLIANCE AGREEMENT,topical,0.17,20,1.0,0.6209403936164465,0.562499999971875,1.0
8,Governing Law,MOELIS_CO_03_24_2014-EX-10.19-STRATEGIC ALLIANCE AGREEMENT,adversarial,0.17,20,0.6,0.6939006037665284,0.3943042702861836,1.0
9,Governing Law,CerenceInc_20191002_8-K_EX-10.4_11827494_EX-10.4_Intellectual Property Agreement,baseline,1.0,0,0.8571428571428571,0.5678386185354438,0.9999999999,1.0
9,Governing Law,CerenceInc_20191002_8-K_EX-10.4_11827494_EX-10.4_Intellectual Property Agreement,random,0.5,4,0.42857142857142855,0.5678386185354438,0.9999999999,1.0
9,Governing Law,CerenceInc_20191002_8-K_EX-10.4_11827494_EX-10.4_Intellectual Property Agreement,topical,0.5,4,0.8,0.5678872053131022,0.9999999999,1.0
9,Governing Law,CerenceInc_20191002_8-K_EX-10.4_11827494_EX-10.4_Intellectual Property Agreement,adversarial,0.5,4,0.8181818181818182,0.0,0.9999999999,1.0
9,Governing Law,CerenceInc_20191002_8-K_EX-10.4_11827494_EX-10.4_Intellectual Property Agreement,random,0.33,8,0.42857142857142855,0.5678386185354438,0.9999999999,1.0
9,Governing Law,CerenceInc_20191002_8-K_EX-10.4_11827494_EX-10.4_Intellectual Property Agreement,topical,0.33,8,0.42857142857142855,0.5678386185354438,0.9999999999,1.0
9,Governing Law,CerenceInc_20191002_8-K_EX-10.4_11827494_EX-10.4_Intellectual Property Agreement,adversarial,0.33,8,0.5,0.0,0.9999999999,1.0
9,Governing Law,CerenceInc_20191002_8-K_EX-10.4_11827494_EX-10.4_Intellectual Property Agreement,random,0.25,12,0.75,0.6414033251051258,0.9999999999,1.0
9,Governing Law,CerenceInc_20191002_8-K_EX-10.4_11827494_EX-10.4_Intellectual Property Agreement,topical,0.25,12,1.0,0.6094065633384375,0.5909090908795455,1.0
9,Governing Law,CerenceInc_20191002_8-K_EX-10.4_11827494_EX-10.4_Intellectual Property Agreement,adversarial,0.25,12,0.5,0.0,0.5074074073904938,1.0
9,Governing Law,CerenceInc_20191002_8-K_EX-10.4_11827494_EX-10.4_Intellectual Property Agreement,random,0.17,20,0.25,0.6572400368782024,0.5499999999725,1.0
9,Governing Law,CerenceInc_20191002_8-K_EX-10.4_11827494_EX-10.4_Intellectual Property Agreement,topical,0.17,20,0.42857142857142855,0.5677878032832868,0.9999999999,1.0
9,Governing Law,CerenceInc_20191002_8-K_EX-10.4_11827494_EX-10.4_Intellectual Property Agreement,adversarial,0.17,20,1.0,0.7045381300602647,0.44027777776310184,1.0
10,Cap On Liability,PlayboyEnterprisesInc_20090220_10-QA_EX-10.2_4091580_EX-10.2_Content License Agreement_ Marketing Agreement_ Sales-Purchase Agreement1,baseline,1.0,0,1.0,0.6280309897335773,0.9999999999,1.0
10,Cap On Liability,PlayboyEnterprisesInc_20090220_10-QA_EX-10.2_4091580_EX-10.2_Content License Agreement_ Marketing Agreement_ Sales-Purchase Agreement1,random,0.5,4,1.0,0.6280458753338148,0.9999999999,1.0
10,Cap On Liability,PlayboyEnterprisesInc_20090220_10-QA_EX-10.2_4091580_EX-10.2_Content License Agreement_ Marketing Agreement_ Sales-Purchase Agreement1,topical,0.5,4,0.8,0.6424581347874128,0.9999999999,1.0
10,Cap On Liability,PlayboyEnterprisesInc_20090220_10-QA_EX-10.2_4091580_EX-10.2_Content License Agreement_ Marketing Agreement_ Sales-Purchase Agreement1,adversarial,0.5,4,1.0,0.6379782618245454,0.8874999999778125,1.0
10,Cap On Liability,PlayboyEnterprisesInc_20090220_10-QA_EX-10.2_4091580_EX-10.2_Content License Agreement_ Marketing Agreement_ Sales-Purchase Agreement1,random,0.33,8,1.0,0.6279997024834713,0.9999999999,1.0
10,Cap On Liability,PlayboyEnterprisesInc_20090220_10-QA_EX-10.2_4091580_EX-10.2_Content License Agreement_ Marketing Agreement_ Sales-Purchase Agreement1,topical,0.33,8,1.0,0.6279997024834713,0.7499999999625,1.0
10,Cap On Liability,PlayboyEnterprisesInc_20090220_10-QA_EX-10.2_4091580_EX-10.2_Content License Agreement_ Marketing Agreement_ Sales-Purchase Agreement1,adversarial,0.33,8,1.0,0.0,0.9999999999875,1.0
10,Cap On Liability,PlayboyEnterprisesInc_20090220_10-QA_EX-10.2_4091580_EX-10.2_Content License Agreement_ Marketing Agreement_ Sales-Purchase Agreement1,random,0.25,12,0.8,0.6280309897335773,0.9999999999,1.0
10,Cap On Liability,PlayboyEnterprisesInc_20090220_10-QA_EX-10.2_4091580_EX-10.2_Content License Agreement_ Marketing Agreement_ Sales-Purchase Agreement1,topical,0.25,12,0.6666666666666666,0.5889962019878672,0.4769230769071795,1.0
10,Cap On Liability,PlayboyEnterprisesInc_20090220_10-QA_EX-10.2_4091580_EX-10.2_Content License Agreement_ Marketing Agreement_ Sales-Purchase Agreement1,adversarial,0.25,12,1.0,0.6376597071333929,0.9935897435814637,1.0
10,Cap On Liability,PlayboyEnterprisesInc_20090220_10-QA_EX-10.2_4091580_EX-10.2_Content License Agreement_ Marketing Agreement_ Sales-Purchase Agreement1,random,0.17,20,0.5,0.7657375315991466,0.449999999985,1.0
10,Cap On Liability,PlayboyEnterprisesInc_20090220_10-QA_EX-10.2_4091580_EX-10.2_Content License Agreement_ Marketing Agreement_ Sales-Purchase Agreement1,topical,0.17,20,1.0,0.0,0.99999999995,1.0
10,Cap On Liability,PlayboyEnterprisesInc_20090220_10-QA_EX-10.2_4091580_EX-10.2_Content License Agreement_ Marketing Agreement_ Sales-Purchase Agreement1,adversarial,0.17,20,1.0,0.6111060988152914,0.9241682402787421,1.0
11,Cap On Liability,TheglobeComInc_19990503_S-1A_EX-10.20_5416126_EX-10.20_Co-Branding Agreement,baseline,1.0,0,0.5,0.46837485575429644,0.9999999999,1.0
11,Cap On Liability,TheglobeComInc_19990503_S-1A_EX-10.20_5416126_EX-10.20_Co-Branding Agreement,random,0.5,4,1.0,0.6427250706549926,0.9999999999,1.0
11,Cap On Liability,TheglobeComInc_19990503_S-1A_EX-10.20_5416126_EX-10.20_Co-Branding Agreement,topical,0.5,4,0.8,0.6427322093082561,0.9999999999,1.0
11,Cap On Liability,TheglobeComInc_19990503_S-1A_EX-10.20_5416126_EX-10.20_Co-Branding Agreement,adversarial,0.5,4,1.0,0.0,0.99999999998,1.0
11,Cap On Liability,TheglobeComInc_19990503_S-1A_EX-10.20_5416126_EX-10.20_Co-Branding Agreement,random,0.33,8,1.0,0.5107890251112845,0.7499999999625,1.0
11,Cap On Liability,TheglobeComInc_19990503_S-1A_EX-10.20_5416126_EX-10.20_Co-Branding Agreement,topical,0.33,8,1.0,0.6427322093082561,0.8333333332916666,1.0
11,Cap On Liability,TheglobeComInc_19990503_S-1A_EX-10.20_5416126_EX-10.20_Co-Branding Agreement,adversarial,0.33,8,1.0,0.6324424765504528,0.8338789682435448,1.0
11,Cap On Liability,TheglobeComInc_19990503_S-1A_EX-10.20_5416126_EX-10.20_Co-Branding Agreement,random,0.25,12,1.0,0.6420618865086302,0.9999999999,1.0
11,Cap On Liability,TheglobeComInc_19990503_S-1A_EX-10.20_5416126_EX-10.20_Co-Branding Agreement,topical,0.25,12,1.0,0.6427322093082561,0.642857142825,1.0
11,Cap On Liability,TheglobeComInc_19990503_S-1A_EX-10.20_5416126_EX-10.20_Co-Branding Agreement,adversarial,0.25,12,1.0,0.0,0.8752888777801249,1.0
11,Cap On Liability,TheglobeComInc_19990503_S-1A_EX-10.20_5416126_EX-10.20_Co-Branding Agreement,random,0.17,20,1.0,0.6279997024834713,0.4754901960625817,1.0
11,Cap On Liability,TheglobeComInc_19990503_S-1A_EX-10.20_5416126_EX-10.20_Co-Branding Agreement,topical,0.17,20,0.5,0.47279851571126197,0.39411764704897057,1.0
11,Cap On Liability,TheglobeComInc_19990503_S-1A_EX-10.20_5416126_EX-10.20_Co-Branding Agreement,adversarial,0.17,20,1.0,0.6279997024834713,0.819041113882408,1.0
12,Cap On Liability,STAMPSCOMINC_06_24_1999-EX-10.18-SPONSORSHIP AGREEMENT,baseline,1.0,0,1.0,0.5842467122019367,0.9999999999,1.0
12,Cap On Liability,STAMPSCOMINC_06_24_1999-EX-10.18-SPONSORSHIP AGREEMENT,random,0.5,4,1.0,0.6837763158831087,0.9999999999,1.0
12,Cap On Liability,STAMPSCOMINC_06_24_1999-EX-10.18-SPONSORSHIP AGREEMENT,topical,0.5,4,1.0,0.6837763158831087,0.8333333332916666,1.0
12,Cap On Liability,STAMPSCOMINC_06_24_1999-EX-10.18-SPONSORSHIP AGREEMENT,adversarial,0.5,4,1.0,0.6621063976772942,0.99999999998,1.0
12,Cap On Liability,STAMPSCOMINC_06_24_1999-EX-10.18-SPONSORSHIP AGREEMENT,random,0.33,8,0.8333333333333334,0.6279997024834713,0.8333333332916666,1.0
12,Cap On Liability,STAMPSCOMINC_06_24_1999-EX-10.18-SPONSORSHIP AGREEMENT,topical,0.33,8,1.0,0.650650886104903,0.6666666666333333,1.0
12,Cap On Liability,STAMPSCOMINC_06_24_1999-EX-10.18-SPONSORSHIP AGREEMENT,adversarial,0.33,8,1.0,0.0,0.8736394557698324,1.0
12,Cap On Liability,STAMPSCOMINC_06_24_1999-EX-10.18-SPONSORSHIP AGREEMENT,random,0.25,12,1.0,0.6837763158831087,0.6666666666333333,1.0
12,Cap On Liability,STAMPSCOMINC_06_24_1999-EX-10.18-SPONSORSHIP AGREEMENT,topical,0.25,12,0.9,0.4738883302026625,0.5833333333041667,1.0
12,Cap On Liability,STAMPSCOMINC_06_24_1999-EX-10.18-SPONSORSHIP AGREEMENT,adversarial,0.25,12,1.0,0.6243725787646957,0.8111294261213149,1.0
12,Cap On Liability,STAMPSCOMINC_06_24_1999-EX-10.18-SPONSORSHIP AGREEMENT,random,0.17,20,1.0,0.5598756459143105,0.5222222222048148,1.0
12,Cap On Liability,STAMPSCOMINC_06_24_1999-EX-10.18-SPONSORSHIP AGREEMENT,topical,0.17,20,1.0,0.6837763158831087,0.9999999999,1.0
12,Cap On Liability,STAMPSCOMINC_06_24_1999-EX-10.18-SPONSORSHIP AGREEMENT,adversarial,0.17,20,1.0,0.0,0.8605105941100447,1.0
13,Cap On Liability,WEBHELPCOMINC_03_22_2000-EX-10.8-HOSTING AGREEMENT,baseline,1.0,0,1.0,0.4939440099777278,0.5833333333041666,1.0
13,Cap On Liability,WEBHELPCOMINC_03_22_2000-EX-10.8-HOSTING AGREEMENT,random,0.5,4,1.0,0.47047409397080486,0.5833333333041666,1.0
13,Cap On Liability,WEBHELPCOMINC_03_22_2000-EX-10.8-HOSTING AGREEMENT,topical,0.5,4,1.0,0.4227250509136547,0.5833333333041666,1.0
13,Cap On Liability,WEBHELPCOMINC_03_22_2000-EX-10.8-HOSTING AGREEMENT,adversarial,0.5,4,1.0,0.48050039741346007,0.5833333333041666,1.0
13,Cap On Liability,WEBHELPCOMINC_03_22_2000-EX-10.8-HOSTING AGREEMENT,random,0.33,8,0.8571428571428571,0.48167817614792746,0.5833333333041666,1.0
13,Cap On Liability,WEBHELPCOMINC_03_22_2000-EX-10.8-HOSTING AGREEMENT,topical,0.33,8,0.8571428571428571,0.4907224922376974,0.5833333333041666,1.0
13,Cap On Liability,WEBHELPCOMINC_03_22_2000-EX-10.8-HOSTING AGREEMENT,adversarial,0.33,8,0.875,0.607779175692144,0.5833333333041666,1.0
13,Cap On Liability,WEBHELPCOMINC_03_22_2000-EX-10.8-HOSTING AGREEMENT,random,0.25,12,0.75,0.42274277239227565,0.5833333333041666,1.0
13,Cap On Liability,WEBHELPCOMINC_03_22_2000-EX-10.8-HOSTING AGREEMENT,topical,0.25,12,0.8571428571428571,0.4777496220381273,0.5833333333041666,1.0
13,Cap On Liability,WEBHELPCOMINC_03_22_2000-EX-10.8-HOSTING AGREEMENT,adversarial,0.25,12,0.7692307692307693,0.0,0.6388888888675925,1.0
13,Cap On Liability,WEBHELPCOMINC_03_22_2000-EX-10.8-HOSTING AGREEMENT,random,0.17,20,1.0,0.47825913210088733,0.5833333333041666,1.0
13,Cap On Liability,WEBHELPCOMINC_03_22_2000-EX-10.8-HOSTING AGREEMENT,topical,0.17,20,0.8,0.47047409397080486,0.5833333333041666,1.0
13,Cap On Liability,WEBHELPCOMINC_03_22_2000-EX-10.8-HOSTING AGREEMENT,adversarial,0.17,20,1.0,0.5625114534193705,0.5833333333041666,1.0
14,Cap On Liability,ScansourceInc_20190822_10-K_EX-10.38_11793958_EX-10.38_Distributor Agreement2,baseline,1.0,0,1.0,0.4298610052491949,0.5833333333041666,1.0
14,Cap On Liability,ScansourceInc_20190822_10-K_EX-10.38_11793958_EX-10.38_Distributor Agreement2,random,0.5,4,1.0,0.4585806652766297,0.5833333333041666,1.0
14,Cap On Liability,ScansourceInc_20190822_10-K_EX-10.38_11793958_EX-10.38_Distributor Agreement2,topical,0.5,4,1.0,0.45192581791693665,0.5833333333041666,1.0
14,Cap On Liability,ScansourceInc_20190822_10-K_EX-10.38_11793958_EX-10.38_Distributor Agreement2,adversarial,0.5,4,1.0,0.5011634212425228,0.5833333333041666,1.0
14,Cap On Liability,ScansourceInc_20190822_10-K_EX-10.38_11793958_EX-10.38_Distributor Agreement2,random,0.33,8,1.0,0.5159331123362291,0.5833333333041666,1.0
14,Cap On Liability,ScansourceInc_20190822_10-K_EX-10.38_11793958_EX-10.38_Distributor Agreement2,topical,0.33,8,1.0,0.4585062893608129,0.5833333333041666,1.0
14,Cap On Liability,ScansourceInc_20190822_10-K_EX-10.38_11793958_EX-10.38_Distributor Agreement2,adversarial,0.33,8,1.0,0.0,0.5833333333041666,1.0
14,Cap On Liability,ScansourceInc_20190822_10-K_EX-10.38_11793958_EX-10.38_Distributor Agreement2,random,0.25,12,1.0,0.47134242736687265,0.5833333333041666,1.0
14,Cap On Liability,ScansourceInc_20190822_10-K_EX-10.38_11793958_EX-10.38_Distributor Agreement2,topical,0.25,12,0.0,0.7946617619370591,0.5833333333041666,1.0
14,Cap On Liability,ScansourceInc_20190822_10-K_EX-10.38_11793958_EX-10.38_Distributor Agreement2,adversarial,0.25,12,1.0,0.6171687483751838,0.5833333333041666,1.0
14,Cap On Liability,ScansourceInc_20190822_10-K_EX-10.38_11793958_EX-10.38_Distributor Agreement2,random,0.17,20,1.0,0.7788776483146681,0.5833333333041666,1.0
14,Cap On Liability,ScansourceInc_20190822_10-K_EX-10.38_11793958_EX-10.38_Distributor Agreement2,topical,0.17,20,0.8,0.46077047106860275,0.5833333333041666,1.0
14,Cap On Liability,ScansourceInc_20190822_10-K_EX-10.38_11793958_EX-10.38_Distributor Agreement2,adversarial,0.17,20,1.0,0.6422844120190191,0.5833333333041666,1.0
15,Cap On Liability,ParatekPharmaceuticalsInc_20170505_10-KA_EX-10.29_10323872_EX-10.29_Outsourcing Agreement,baseline,1.0,0,0.6666666666666666,0.0,0.99999999995,1.0
15,Cap On Liability,ParatekPharmaceuticalsInc_20170505_10-KA_EX-10.29_10323872_EX-10.29_Outsourcing Agreement,random,0.5,4,0.75,0.0,0.99999999995,1.0
15,Cap On Liability,ParatekPharmaceuticalsInc_20170505_10-KA_EX-10.29_10323872_EX-10.29_Outsourcing Agreement,topical,0.5,4,0.6666666666666666,0.0,0.99999999995,1.0
15,Cap On Liability,ParatekPharmaceuticalsInc_20170505_10-KA_EX-10.29_10323872_EX-10.29_Outsourcing Agreement,adversarial,0.5,4,1.0,0.0,0.99999999998,1.0
15,Cap On Liability,ParatekPharmaceuticalsInc_20170505_10-KA_EX-10.29_10323872_EX-10.29_Outsourcing Agreement,random,0.33,8,1.0,0.0,0.766666666641111,1.0
15,Cap On Liability,ParatekPharmaceuticalsInc_20170505_10-KA_EX-10.29_10323872_EX-10.29_Outsourcing Agreement,topical,0.33,8,1.0,0.5670757605946023,0.8666666666377778,1.0
15,Cap On Liability,ParatekPharmaceuticalsInc_20170505_10-KA_EX-10.29_10323872_EX-10.29_Outsourcing Agreement,adversarial,0.33,8,1.0,0.0,0.8782627865863615,1.0
15,Cap On Liability,ParatekPharmaceuticalsInc_20170505_10-KA_EX-10.29_10323872_EX-10.29_Outsourcing Agreement,random,0.25,12,1.0,0.0,0.99999999995,1.0
15,Cap On Liability,ParatekPharmaceuticalsInc_20170505_10-KA_EX-10.29_10323872_EX-10.29_Outsourcing Agreement,topical,0.25,12,1.0,0.0,0.99999999995,1.0
15,Cap On Liability,ParatekPharmaceuticalsInc_20170505_10-KA_EX-10.29_10323872_EX-10.29_Outsourcing Agreement,adversarial,0.25,12,1.0,0.6376597071333929,0.9146536333960112,1.0
15,Cap On Liability,ParatekPharmaceuticalsInc_20170505_10-KA_EX-10.29_10323872_EX-10.29_Outsourcing Agreement,random,0.17,20,1.0,0.0,0.7166666666427778,1.0
15,Cap On Liability,ParatekPharmaceuticalsInc_20170505_10-KA_EX-10.29_10323872_EX-10.29_Outsourcing Agreement,topical,0.17,20,1.0,0.0,0.8055555555354167,1.0
15,Cap On Liability,ParatekPharmaceuticalsInc_20170505_10-KA_EX-10.29_10323872_EX-10.29_Outsourcing Agreement,adversarial,0.17,20,0.6666666666666666,0.690051748460674,0.9829148629099483,1.0
16,Cap On Liability,"HALITRON,INC_03_01_2005-EX-10.15-SPONSORSHIP AND DEVELOPMENT AGREEMENT",baseline,1.0,0,1.0,0.5121766841491635,0.9999999999,1.0
16,Cap On Liability,"HALITRON,INC_03_01_2005-EX-10.15-SPONSORSHIP AND DEVELOPMENT AGREEMENT",random,0.5,4,1.0,0.512200917071579,0.9999999999,1.0
16,Cap On Liability,"HALITRON,INC_03_01_2005-EX-10.15-SPONSORSHIP AND DEVELOPMENT AGREEMENT",topical,0.5,4,1.0,0.6267575167317293,0.9999999999,1.0
16,Cap On Liability,"HALITRON,INC_03_01_2005-EX-10.15-SPONSORSHIP AND DEVELOPMENT AGREEMENT",adversarial,0.5,4,0.7777777777777778,0.0,0.999999999975,1.0
16,Cap On Liability,"HALITRON,INC_03_01_2005-EX-10.15-SPONSORSHIP AND DEVELOPMENT AGREEMENT",random,0.33,8,1.0,0.5121766841491635,0.9999999999,1.0
16,Cap On Liability,"HALITRON,INC_03_01_2005-EX-10.15-SPONSORSHIP AND DEVELOPMENT AGREEMENT",topical,0.33,8,0.8333333333333334,0.6177631392488524,0.9999999999,1.0
16,Cap On Liability,"HALITRON,INC_03_01_2005-EX-10.15-SPONSORSHIP AND DEVELOPMENT AGREEMENT",adversarial,0.33,8,1.0,0.6280458753338148,0.6453968253839175,1.0
16,Cap On Liability,"HALITRON,INC_03_01_2005-EX-10.15-SPONSORSHIP AND DEVELOPMENT AGREEMENT",random,0.25,12,0.75,0.44178488740121297,0.9999999999,1.0
16,Cap On Liability,"HALITRON,INC_03_01_2005-EX-10.15-SPONSORSHIP AND DEVELOPMENT AGREEMENT",topical,0.25,12,1.0,0.5121766841491635,0.9999999999,1.0
16,Cap On Liability,"HALITRON,INC_03_01_2005-EX-10.15-SPONSORSHIP AND DEVELOPMENT AGREEMENT",adversarial,0.25,12,1.0,0.6377102492511754,0.6512265512172479,1.0
16,Cap On Liability,"HALITRON,INC_03_01_2005-EX-10.15-SPONSORSHIP AND DEVELOPMENT AGREEMENT",random,0.17,20,0.8181818181818182,0.6279997024834713,0.5499999999725,1.0
16,Cap On Liability,"HALITRON,INC_03_01_2005-EX-10.15-SPONSORSHIP AND DEVELOPMENT AGREEMENT",topical,0.17,20,1.0,0.44895324838978135,0.5666666666383333,1.0
16,Cap On Liability,"HALITRON,INC_03_01_2005-EX-10.15-SPONSORSHIP AND DEVELOPMENT AGREEMENT",adversarial,0.17,20,1.0,0.0,0.5210083291586729,1.0
17,Cap On Liability,RangeResourcesLouisianaInc_20150417_8-K_EX-10.5_9045501_EX-10.5_Transportation Agreement,baseline,1.0,0,0.75,0.0,0.9999999999,1.0
17,Cap On Liability,RangeResourcesLouisianaInc_20150417_8-K_EX-10.5_9045501_EX-10.5_Transportation Agreement,random,0.5,4,0.75,0.0,0.9999999999,1.0
17,Cap On Liability,RangeResourcesLouisianaInc_20150417_8-K_EX-10.5_9045501_EX-10.5_Transportation Agreement,topical,0.5,4,0.75,0.0,0.9999999999,1.0
17,Cap On Liability,RangeResourcesLouisianaInc_20150417_8-K_EX-10.5_9045501_EX-10.5_Transportation Agreement,adversarial,0.5,4,1.0,0.5625114534193705,0.99999999998,1.0
17,Cap On Liability,RangeResourcesLouisianaInc_20150417_8-K_EX-10.5_9045501_EX-10.5_Transportation Agreement,random,0.33,8,1.0,0.6420777535841027,0.5277777777601852,1.0
17,Cap On Liability,RangeResourcesLouisianaInc_20150417_8-K_EX-10.5_9045501_EX-10.5_Transportation Agreement,topical,0.33,8,0.6666666666666666,0.3650652829913865,0.624999999984375,1.0
17,Cap On Liability,RangeResourcesLouisianaInc_20150417_8-K_EX-10.5_9045501_EX-10.5_Transportation Agreement,adversarial,0.33,8,1.0,0.0,0.9067956349093,1.0
17,Cap On Liability,RangeResourcesLouisianaInc_20150417_8-K_EX-10.5_9045501_EX-10.5_Transportation Agreement,random,0.25,12,0.8,0.0,0.5659090908949432,1.0
17,Cap On Liability,RangeResourcesLouisianaInc_20150417_8-K_EX-10.5_9045501_EX-10.5_Transportation Agreement,topical,0.25,12,0.8333333333333334,0.6427322093082561,0.6333333333122222,1.0
17,Cap On Liability,RangeResourcesLouisianaInc_20150417_8-K_EX-10.5_9045501_EX-10.5_Transportation Agreement,adversarial,0.25,12,1.0,0.5625114534193705,0.9999999999923077,1.0
17,Cap On Liability,RangeResourcesLouisianaInc_20150417_8-K_EX-10.5_9045501_EX-10.5_Transportation Agreement,random,0.17,20,0.75,0.0,0.5207080200426867,1.0
17,Cap On Liability,RangeResourcesLouisianaInc_20150417_8-K_EX-10.5_9045501_EX-10.5_Transportation Agreement,topical,0.17,20,0.75,0.0,0.3857142857046429,1.0
17,Cap On Liability,RangeResourcesLouisianaInc_20150417_8-K_EX-10.5_9045501_EX-10.5_Transportation Agreement,adversarial,0.17,20,0.0,0.6422391057390375,0.972892598667533,1.0
18,Cap On Liability,MPLXLP_06_17_2015-EX-10.1-TRANSPORTATION SERVICES AGREEMENT,baseline,1.0,0,0.8571428571428571,0.6278686905110982,0.9999999999,1.0
18,Cap On Liability,MPLXLP_06_17_2015-EX-10.1-TRANSPORTATION SERVICES AGREEMENT,random,0.5,4,0.8571428571428571,0.5889472037676886,0.9999999999,1.0
18,Cap On Liability,MPLXLP_06_17_2015-EX-10.1-TRANSPORTATION SERVICES AGREEMENT,topical,0.5,4,1.0,0.5889962019878672,0.9999999999,1.0
18,Cap On Liability,MPLXLP_06_17_2015-EX-10.1-TRANSPORTATION SERVICES AGREEMENT,adversarial,0.5,4,1.0,0.632405375293277,0.8041666666465626,1.0
18,Cap On Liability,MPLXLP_06_17_2015-EX-10.1-TRANSPORTATION SERVICES AGREEMENT,random,0.33,8,1.0,0.572531759760646,0.5873015872820105,1.0
18,Cap On Liability,MPLXLP_06_17_2015-EX-10.1-TRANSPORTATION SERVICES AGREEMENT,topical,0.33,8,0.75,0.0,0.642857142825,1.0
18,Cap On Liability,MPLXLP_06_17_2015-EX-10.1-TRANSPORTATION SERVICES AGREEMENT,adversarial,0.33,8,0.9285714285714286,0.0,0.9861111110987848,1.0
18,Cap On Liability,MPLXLP_06_17_2015-EX-10.1-TRANSPORTATION SERVICES AGREEMENT,random,0.25,12,1.0,0.7788776483146681,0.9999999999,1.0
18,Cap On Liability,MPLXLP_06_17_2015-EX-10.1-TRANSPORTATION SERVICES AGREEMENT,topical,0.25,12,0.6666666666666666,0.5889472037676886,0.9999999999,1.0
18,Cap On Liability,MPLXLP_06_17_2015-EX-10.1-TRANSPORTATION SERVICES AGREEMENT,adversarial,0.25,12,1.0,0.6422391057390375,0.9361517270523075,1.0
18,Cap On Liability,MPLXLP_06_17_2015-EX-10.1-TRANSPORTATION SERVICES AGREEMENT,random,0.17,20,0.6666666666666666,0.5889472037676886,0.3917366946680777,1.0
18,Cap On Liability,MPLXLP_06_17_2015-EX-10.1-TRANSPORTATION SERVICES AGREEMENT,topical,0.17,20,1.0,0.0,0.9999999999666667,1.0
18,Cap On Liability,MPLXLP_06_17_2015-EX-10.1-TRANSPORTATION SERVICES AGREEMENT,adversarial,0.17,20,1.0,0.5625155449467248,0.7868846603129513,1.0
19,Cap On Liability,"HEMISPHERX - Sales, Marketing, Distribution, and Supply Agreement",baseline,1.0,0,1.0,0.6268003809170629,0.9999999999,1.0
19,Cap On Liability,"HEMISPHERX - Sales, Marketing, Distribution, and Supply Agreement",random,0.5,4,0.6666666666666666,0.6267575167317293,0.699999999965,1.0
19,Cap On Liability,"HEMISPHERX - Sales, Marketing, Distribution, and Supply Agreement",topical,0.5,4,1.0,0.6427788573592126,0.8055555555287036,1.0
19,Cap On Liability,"HEMISPHERX - Sales, Marketing, Distribution, and Supply Agreement",adversarial,0.5,4,1.0,0.5012591520907809,0.99999999998,1.0
19,Cap On Liability,"HEMISPHERX - Sales, Marketing, Distribution, and Supply Agreement",random,0.33,8,0.6666666666666666,0.0,0.5777777777585186,1.0
19,Cap On Liability,"HEMISPHERX - Sales, Marketing, Distribution, and Supply Agreement",topical,0.33,8,0.6666666666666666,0.6427322093082561,0.9999999999,1.0
19,Cap On Liability,"HEMISPHERX - Sales, Marketing, Distribution, and Supply Agreement",adversarial,0.33,8,0.9,0.0,0.9821428571288265,1.0
19,Cap On Liability,"HEMISPHERX - Sales, Marketing, Distribution, and Supply Agreement",random,0.25,12,1.0,0.0,0.9999999999,1.0
19,Cap On Liability,"HEMISPHERX - Sales, Marketing, Distribution, and Supply Agreement",topical,0.25,12,1.0,0.6837763158831087,0.5833333333041667,1.0
19,Cap On Liability,"HEMISPHERX - Sales, Marketing, Distribution, and Supply Agreement",adversarial,0.25,12,1.0,0.5921842204895817,0.8480341880257077,1.0
19,Cap On Liability,"HEMISPHERX - Sales, Marketing, Distribution, and Supply Agreement",random,0.17,20,0.25,0.0,0.59999999997,1.0
19,Cap On Liability,"HEMISPHERX - Sales, Marketing, Distribution, and Supply Agreement",topical,0.17,20,0.8,0.6279997024834713,0.5714285713999999,1.0
19,Cap On Liability,"HEMISPHERX - Sales, Marketing, Distribution, and Supply Agreement",adversarial,0.17,20,1.0,0.6377102492511754,0.8979673200641141,1.0
20,Termination For Convenience,LIGHTBRIDGECORP_11_23_2015-EX-10.26-STRATEGIC ALLIANCE AGREEMENT,baseline,1.0,0,1.0,0.5789925746699474,0.9999999999,1.0
20,Termination For Convenience,LIGHTBRIDGECORP_11_23_2015-EX-10.26-STRATEGIC ALLIANCE AGREEMENT,random,0.5,4,1.0,0.5808034469020777,0.9999999999,1.0
20,Termination For Convenience,LIGHTBRIDGECORP_11_23_2015-EX-10.26-STRATEGIC ALLIANCE AGREEMENT,topical,0.5,4,1.0,0.5789925746699474,0.9999999999,1.0
20,Termination For Convenience,LIGHTBRIDGECORP_11_23_2015-EX-10.26-STRATEGIC ALLIANCE AGREEMENT,adversarial,0.5,4,0.75,0.5332951371330281,0.8333333332916666,1.0
20,Termination For Convenience,LIGHTBRIDGECORP_11_23_2015-EX-10.26-STRATEGIC ALLIANCE AGREEMENT,random,0.33,8,1.0,0.5789925746699474,0.9999999999,1.0
20,Termination For Convenience,LIGHTBRIDGECORP_11_23_2015-EX-10.26-STRATEGIC ALLIANCE AGREEMENT,topical,0.33,8,1.0,0.5789925746699474,0.9999999999,1.0
20,Termination For Convenience,LIGHTBRIDGECORP_11_23_2015-EX-10.26-STRATEGIC ALLIANCE AGREEMENT,adversarial,0.33,8,0.75,0.5332951371330281,0.6249999999791667,1.0
20,Termination For Convenience,LIGHTBRIDGECORP_11_23_2015-EX-10.26-STRATEGIC ALLIANCE AGREEMENT,random,0.25,12,1.0,0.36809117417996484,0.9999999999,1.0
20,Termination For Convenience,LIGHTBRIDGECORP_11_23_2015-EX-10.26-STRATEGIC ALLIANCE AGREEMENT,topical,0.25,12,1.0,0.5501663020509862,0.9999999999,1.0
20,Termination For Convenience,LIGHTBRIDGECORP_11_23_2015-EX-10.26-STRATEGIC ALLIANCE AGREEMENT,adversarial,0.25,12,0.8571428571428571,0.5768290759621456,0.9999999999,1.0
20,Termination For Convenience,LIGHTBRIDGECORP_11_23_2015-EX-10.26-STRATEGIC ALLIANCE AGREEMENT,random,0.17,20,0.6666666666666666,0.0,0.9999999999,1.0
20,Termination For Convenience,LIGHTBRIDGECORP_11_23_2015-EX-10.26-STRATEGIC ALLIANCE AGREEMENT,topical,0.17,20,1.0,0.5855858848210487,0.37588087865973874,1.0
20,Termination For Convenience,LIGHTBRIDGECORP_11_23_2015-EX-10.26-STRATEGIC ALLIANCE AGREEMENT,adversarial,0.17,20,0.75,0.0,0.5115508021288064,1.0
21,Termination For Convenience,ArtaraTherapeuticsInc_20200110_8-K_EX-10.5_11943350_EX-10.5_License Agreement,baseline,1.0,0,1.0,0.41897474038890326,0.9999999999,1.0
21,Termination For Convenience,ArtaraTherapeuticsInc_20200110_8-K_EX-10.5_11943350_EX-10.5_License Agreement,random,0.5,4,1.0,0.4189671957462126,0.9999999999,1.0
21,Termination For Convenience,ArtaraTherapeuticsInc_20200110_8-K_EX-10.5_11943350_EX-10.5_License Agreement,topical,0.5,4,1.0,0.5152393334609592,0.9999999999,1.0
21,Termination For Convenience,ArtaraTherapeuticsInc_20200110_8-K_EX-10.5_11943350_EX-10.5_License Agreement,adversarial,0.5,4,1.0,0.5333263017234909,0.9999999999,1.0
21,Termination For Convenience,ArtaraTherapeuticsInc_20200110_8-K_EX-10.5_11943350_EX-10.5_License Agreement,random,0.33,8,1.0,0.51624330567781,0.9999999999,1.0
21,Termination For Convenience,ArtaraTherapeuticsInc_20200110_8-K_EX-10.5_11943350_EX-10.5_License Agreement,topical,0.33,8,1.0,0.4078879506340724,0.9999999999,1.0
21,Termination For Convenience,ArtaraTherapeuticsInc_20200110_8-K_EX-10.5_11943350_EX-10.5_License Agreement,adversarial,0.33,8,0.8,0.5618453851455405,0.699999999965,1.0
21,Termination For Convenience,ArtaraTherapeuticsInc_20200110_8-K_EX-10.5_11943350_EX-10.5_License Agreement,random,0.25,12,1.0,0.5151938225490839,0.9999999999,1.0
21,Termination For Convenience,ArtaraTherapeuticsInc_20200110_8-K_EX-10.5_11943350_EX-10.5_License Agreement,topical,0.25,12,1.0,0.5174528919142887,0.9999999999,1.0
21,Termination For Convenience,ArtaraTherapeuticsInc_20200110_8-K_EX-10.5_11943350_EX-10.5_License Agreement,adversarial,0.25,12,1.0,0.5332951371330281,0.6555555555337037,1.0
21,Termination For Convenience,ArtaraTherapeuticsInc_20200110_8-K_EX-10.5_11943350_EX-10.5_License Agreement,random,0.17,20,1.0,0.5151155032339367,0.9999999999,1.0
21,Termination For Convenience,ArtaraTherapeuticsInc_20200110_8-K_EX-10.5_11943350_EX-10.5_License Agreement,topical,0.17,20,1.0,0.5855858848210487,0.9999999999,1.0
21,Termination For Convenience,ArtaraTherapeuticsInc_20200110_8-K_EX-10.5_11943350_EX-10.5_License Agreement,adversarial,0.17,20,0.6666666666666666,0.7851381927766515,0.639298245601249,1.0
22,Termination For Convenience,RitterPharmaceuticalsInc_20200313_S-4A_EX-10.54_12055220_EX-10.54_Development Agreement,baseline,1.0,0,1.0,0.4273539361307324,0.9999999999,1.0
22,Termination For Convenience,RitterPharmaceuticalsInc_20200313_S-4A_EX-10.54_12055220_EX-10.54_Development Agreement,random,0.5,4,1.0,0.4273539361307324,0.9999999999,1.0
22,Termination For Convenience,RitterPharmaceuticalsInc_20200313_S-4A_EX-10.54_12055220_EX-10.54_Development Agreement,topical,0.5,4,1.0,0.4853662525986008,0.9999999999,1.0
22,Termination For Convenience,RitterPharmaceuticalsInc_20200313_S-4A_EX-10.54_12055220_EX-10.54_Development Agreement,adversarial,0.5,4,1.0,0.5719868247103259,0.8041666666465626,1.0
22,Termination For Convenience,RitterPharmaceuticalsInc_20200313_S-4A_EX-10.54_12055220_EX-10.54_Development Agreement,random,0.33,8,0.6666666666666666,0.0,0.9999999999,1.0
22,Termination For Convenience,RitterPharmaceuticalsInc_20200313_S-4A_EX-10.54_12055220_EX-10.54_Development Agreement,topical,0.33,8,0.6666666666666666,0.0,0.9999999999,1.0
22,Termination For Convenience,RitterPharmaceuticalsInc_20200313_S-4A_EX-10.54_12055220_EX-10.54_Development Agreement,adversarial,0.33,8,0.3333333333333333,0.5719868247103259,0.6488095237933036,1.0
22,Termination For Convenience,RitterPharmaceuticalsInc_20200313_S-4A_EX-10.54_12055220_EX-10.54_Development Agreement,random,0.25,12,1.0,0.42349983055122004,0.9999999999,1.0
22,Termination For Convenience,RitterPharmaceuticalsInc_20200313_S-4A_EX-10.54_12055220_EX-10.54_Development Agreement,topical,0.25,12,0.8,0.4130488248712289,0.9999999999,1.0
22,Termination For Convenience,RitterPharmaceuticalsInc_20200313_S-4A_EX-10.54_12055220_EX-10.54_Development Agreement,adversarial,0.25,12,1.0,0.5910017416105366,0.5508459794095387,1.0
22,Termination For Convenience,RitterPharmaceuticalsInc_20200313_S-4A_EX-10.54_12055220_EX-10.54_Development Agreement,random,0.17,20,0.6666666666666666,0.0,0.9999999999,1.0
22,Termination For Convenience,RitterPharmaceuticalsInc_20200313_S-4A_EX-10.54_12055220_EX-10.54_Development Agreement,topical,0.17,20,1.0,0.5121252333014239,0.9999999999,1.0
22,Termination For Convenience,RitterPharmaceuticalsInc_20200313_S-4A_EX-10.54_12055220_EX-10.54_Development Agreement,adversarial,0.17,20,1.0,0.5910017416105366,0.48393361131726803,1.0
23,Termination For Convenience,ORBSATCORP_08_17_2007-EX-7.3-STRATEGIC ALLIANCE AGREEMENT,baseline,1.0,0,1.0,0.5507674998253795,0.99999999995,1.0
23,Termination For Convenience,ORBSATCORP_08_17_2007-EX-7.3-STRATEGIC ALLIANCE AGREEMENT,random,0.5,4,1.0,0.567496345895083,0.99999999995,1.0
23,Termination For Convenience,ORBSATCORP_08_17_2007-EX-7.3-STRATEGIC ALLIANCE AGREEMENT,topical,0.5,4,1.0,0.567496345895083,0.99999999995,1.0
23,Termination For Convenience,ORBSATCORP_08_17_2007-EX-7.3-STRATEGIC ALLIANCE AGREEMENT,adversarial,0.5,4,1.0,0.5923207696086681,0.8666666666377778,1.0
23,Termination For Convenience,ORBSATCORP_08_17_2007-EX-7.3-STRATEGIC ALLIANCE AGREEMENT,random,0.33,8,1.0,0.5850578118846892,0.8095238094968253,1.0
23,Termination For Convenience,ORBSATCORP_08_17_2007-EX-7.3-STRATEGIC ALLIANCE AGREEMENT,topical,0.33,8,1.0,0.567496345895083,0.99999999995,1.0
23,Termination For Convenience,ORBSATCORP_08_17_2007-EX-7.3-STRATEGIC ALLIANCE AGREEMENT,adversarial,0.33,8,0.5,0.567496345895083,0.7916666666402777,1.0
23,Termination For Convenience,ORBSATCORP_08_17_2007-EX-7.3-STRATEGIC ALLIANCE AGREEMENT,random,0.25,12,1.0,0.57985955153598,0.99999999995,1.0
23,Termination For Convenience,ORBSATCORP_08_17_2007-EX-7.3-STRATEGIC ALLIANCE AGREEMENT,topical,0.25,12,1.0,0.5699334774541656,0.99999999995,1.0
23,Termination For Convenience,ORBSATCORP_08_17_2007-EX-7.3-STRATEGIC ALLIANCE AGREEMENT,adversarial,0.25,12,1.0,0.532356411429566,0.766666666641111,1.0
23,Termination For Convenience,ORBSATCORP_08_17_2007-EX-7.3-STRATEGIC ALLIANCE AGREEMENT,random,0.17,20,0.5,0.567496345895083,0.99999999995,1.0
23,Termination For Convenience,ORBSATCORP_08_17_2007-EX-7.3-STRATEGIC ALLIANCE AGREEMENT,topical,0.17,20,1.0,0.567496345895083,0.6706730769063101,1.0
23,Termination For Convenience,ORBSATCORP_08_17_2007-EX-7.3-STRATEGIC ALLIANCE AGREEMENT,adversarial,0.17,20,0.8,0.5620787610207385,0.562499999990625,1.0
24,Termination For Convenience,"MJBIOTECH,INC_12_06_2018-EX-99.01-JOINT VENTURE AGREEMENT",baseline,1.0,0,0.6666666666666666,0.0,0.0,1.0
24,Termination For Convenience,"MJBIOTECH,INC_12_06_2018-EX-99.01-JOINT VENTURE AGREEMENT",random,0.5,4,0.6666666666666666,0.7612423914395625,0.0,1.0
24,Termination For Convenience,"MJBIOTECH,INC_12_06_2018-EX-99.01-JOINT VENTURE AGREEMENT",topical,0.5,4,1.0,0.3761485096904762,0.0,1.0
24,Termination For Convenience,"MJBIOTECH,INC_12_06_2018-EX-99.01-JOINT VENTURE AGREEMENT",adversarial,0.5,4,1.0,0.5576126370627419,0.0,1.0
24,Termination For Convenience,"MJBIOTECH,INC_12_06_2018-EX-99.01-JOINT VENTURE AGREEMENT",random,0.33,8,1.0,0.0,0.9999999999,1.0
24,Termination For Convenience,"MJBIOTECH,INC_12_06_2018-EX-99.01-JOINT VENTURE AGREEMENT",topical,0.33,8,0.6666666666666666,0.0,0.0,1.0
24,Termination For Convenience,"MJBIOTECH,INC_12_06_2018-EX-99.01-JOINT VENTURE AGREEMENT",adversarial,0.33,8,0.8333333333333334,0.5819874363745052,0.0,1.0
24,Termination For Convenience,"MJBIOTECH,INC_12_06_2018-EX-99.01-JOINT VENTURE AGREEMENT",random,0.25,12,0.6666666666666666,0.0,0.0,1.0
24,Termination For Convenience,"MJBIOTECH,INC_12_06_2018-EX-99.01-JOINT VENTURE AGREEMENT",topical,0.25,12,0.6666666666666666,0.0,0.0,1.0
24,Termination For Convenience,"MJBIOTECH,INC_12_06_2018-EX-99.01-JOINT VENTURE AGREEMENT",adversarial,0.25,12,0.8333333333333334,0.5332951371330281,0.0,1.0
24,Termination For Convenience,"MJBIOTECH,INC_12_06_2018-EX-99.01-JOINT VENTURE AGREEMENT",random,0.17,20,0.6666666666666666,0.0,0.0,1.0
24,Termination For Convenience,"MJBIOTECH,INC_12_06_2018-EX-99.01-JOINT VENTURE AGREEMENT",topical,0.17,20,1.0,0.3815012461765536,0.0,1.0
24,Termination For Convenience,"MJBIOTECH,INC_12_06_2018-EX-99.01-JOINT VENTURE AGREEMENT",adversarial,0.17,20,0.25,0.5382661023887461,0.0,1.0
25,Termination For Convenience,"CORALGOLDRESOURCES,LTD_05_28_2020-EX-4.1-CONSULTING AGREEMENT",baseline,1.0,0,1.0,0.5799967115321865,0.9999999999,1.0
25,Termination For Convenience,"CORALGOLDRESOURCES,LTD_05_28_2020-EX-4.1-CONSULTING AGREEMENT",random,0.5,4,1.0,0.5832822721633183,0.9999999999,1.0
25,Termination For Convenience,"CORALGOLDRESOURCES,LTD_05_28_2020-EX-4.1-CONSULTING AGREEMENT",topical,0.5,4,1.0,0.5832822721633183,0.9999999999,1.0
25,Termination For Convenience,"CORALGOLDRESOURCES,LTD_05_28_2020-EX-4.1-CONSULTING AGREEMENT",adversarial,0.5,4,0.6666666666666666,0.5910395787388382,0.8333333332916666,1.0
25,Termination For Convenience,"CORALGOLDRESOURCES,LTD_05_28_2020-EX-4.1-CONSULTING AGREEMENT",random,0.33,8,0.8,0.5497726032772995,0.9999999999,1.0
25,Termination For Convenience,"CORALGOLDRESOURCES,LTD_05_28_2020-EX-4.1-CONSULTING AGREEMENT",topical,0.33,8,1.0,0.5727272444580289,0.9999999999,1.0
25,Termination For Convenience,"CORALGOLDRESOURCES,LTD_05_28_2020-EX-4.1-CONSULTING AGREEMENT",adversarial,0.33,8,0.6666666666666666,0.5910176337996367,0.7095238095060713,1.0
25,Termination For Convenience,"CORALGOLDRESOURCES,LTD_05_28_2020-EX-4.1-CONSULTING AGREEMENT",random,0.25,12,1.0,0.5727272444580289,0.9999999999,1.0
25,Termination For Convenience,"CORALGOLDRESOURCES,LTD_05_28_2020-EX-4.1-CONSULTING AGREEMENT",topical,0.25,12,1.0,0.5799967115321865,0.9999999999,1.0
25,Termination For Convenience,"CORALGOLDRESOURCES,LTD_05_28_2020-EX-4.1-CONSULTING AGREEMENT",adversarial,0.25,12,0.75,0.532356411429566,0.5213675213501424,1.0
25,Termination For Convenience,"CORALGOLDRESOURCES,LTD_05_28_2020-EX-4.1-CONSULTING AGREEMENT",random,0.17,20,0.6666666666666666,0.0,0.9999999999,1.0
25,Termination For Convenience,"CORALGOLDRESOURCES,LTD_05_28_2020-EX-4.1-CONSULTING AGREEMENT",topical,0.17,20,1.0,0.5799989231368892,0.9999999999,1.0
25,Termination For Convenience,"CORALGOLDRESOURCES,LTD_05_28_2020-EX-4.1-CONSULTING AGREEMENT",adversarial,0.17,20,0.6666666666666666,0.5910017416105366,0.6276423195471105,1.0
26,Termination For Convenience,INGEVITYCORP_05_16_2016-EX-10.5-INTELLECTUAL PROPERTY AGREEMENT,baseline,1.0,0,1.0,0.5727272444580289,0.0,0.0
26,Termination For Convenience,INGEVITYCORP_05_16_2016-EX-10.5-INTELLECTUAL PROPERTY AGREEMENT,random,0.5,4,1.0,0.5727054671840411,0.9999999999,0.0
26,Termination For Convenience,INGEVITYCORP_05_16_2016-EX-10.5-INTELLECTUAL PROPERTY AGREEMENT,topical,0.5,4,1.0,0.5738720007040338,0.9999999999,1.0
26,Termination For Convenience,INGEVITYCORP_05_16_2016-EX-10.5-INTELLECTUAL PROPERTY AGREEMENT,adversarial,0.5,4,1.0,0.6951869882758479,0.0,0.0
26,Termination For Convenience,INGEVITYCORP_05_16_2016-EX-10.5-INTELLECTUAL PROPERTY AGREEMENT,random,0.33,8,0.8,0.7736228821278592,0.0,1.0
26,Termination For Convenience,INGEVITYCORP_05_16_2016-EX-10.5-INTELLECTUAL PROPERTY AGREEMENT,topical,0.33,8,1.0,0.5727272444580289,0.9999999999,0.0
26,Termination For Convenience,INGEVITYCORP_05_16_2016-EX-10.5-INTELLECTUAL PROPERTY AGREEMENT,adversarial,0.33,8,1.0,0.589767662769408,0.9999999999,1.0
26,Termination For Convenience,INGEVITYCORP_05_16_2016-EX-10.5-INTELLECTUAL PROPERTY AGREEMENT,random,0.25,12,1.0,0.5727272444580289,0.9999999999,1.0
26,Termination For Convenience,INGEVITYCORP_05_16_2016-EX-10.5-INTELLECTUAL PROPERTY AGREEMENT,topical,0.25,12,0.5,0.5544129602547824,0.0,0.0
26,Termination For Convenience,INGEVITYCORP_05_16_2016-EX-10.5-INTELLECTUAL PROPERTY AGREEMENT,adversarial,0.25,12,0.5,0.5382661023887461,0.5833333333041667,0.0
26,Termination For Convenience,INGEVITYCORP_05_16_2016-EX-10.5-INTELLECTUAL PROPERTY AGREEMENT,random,0.17,20,1.0,0.5460197224928756,0.0,1.0
26,Termination For Convenience,INGEVITYCORP_05_16_2016-EX-10.5-INTELLECTUAL PROPERTY AGREEMENT,topical,0.17,20,1.0,0.5727272444580289,0.9999999999,1.0
26,Termination For Convenience,INGEVITYCORP_05_16_2016-EX-10.5-INTELLECTUAL PROPERTY AGREEMENT,adversarial,0.17,20,1.0,0.7078518681737966,0.9999999999,0.0
27,Termination For Convenience,MEDIWOUNDLTD_01_15_2014-EX-10.6-SUPPLY AGREEMENT,baseline,1.0,0,1.0,0.44868042041139283,0.49999999995,1.0
27,Termination For Convenience,MEDIWOUNDLTD_01_15_2014-EX-10.6-SUPPLY AGREEMENT,random,0.5,4,0.6666666666666666,0.7811744393141671,0.49999999995,1.0
27,Termination For Convenience,MEDIWOUNDLTD_01_15_2014-EX-10.6-SUPPLY AGREEMENT,topical,0.5,4,1.0,0.390480926312855,0.49999999995,1.0
27,Termination For Convenience,MEDIWOUNDLTD_01_15_2014-EX-10.6-SUPPLY AGREEMENT,adversarial,0.5,4,1.0,0.695220401768115,0.49999999995,1.0
27,Termination For Convenience,MEDIWOUNDLTD_01_15_2014-EX-10.6-SUPPLY AGREEMENT,random,0.33,8,0.75,0.3847583238290851,0.49999999995,1.0
27,Termination For Convenience,MEDIWOUNDLTD_01_15_2014-EX-10.6-SUPPLY AGREEMENT,topical,0.33,8,0.9,0.5647751909335952,0.49999999995,1.0
27,Termination For Convenience,MEDIWOUNDLTD_01_15_2014-EX-10.6-SUPPLY AGREEMENT,adversarial,0.33,8,0.5,0.0,0.3499999999825,1.0
27,Termination For Convenience,MEDIWOUNDLTD_01_15_2014-EX-10.6-SUPPLY AGREEMENT,random,0.25,12,1.0,0.5910017416105366,0.49999999995,1.0
27,Termination For Convenience,MEDIWOUNDLTD_01_15_2014-EX-10.6-SUPPLY AGREEMENT,topical,0.25,12,1.0,0.390480926312855,0.49999999995,1.0
27,Termination For Convenience,MEDIWOUNDLTD_01_15_2014-EX-10.6-SUPPLY AGREEMENT,adversarial,0.25,12,0.8571428571428571,0.5768290759621456,0.49999999995,1.0
27,Termination For Convenience,MEDIWOUNDLTD_01_15_2014-EX-10.6-SUPPLY AGREEMENT,random,0.17,20,1.0,0.6273473807346005,0.49999999995,1.0
27,Termination For Convenience,MEDIWOUNDLTD_01_15_2014-EX-10.6-SUPPLY AGREEMENT,topical,0.17,20,1.0,0.47683128429237925,0.49999999995,1.0
27,Termination For Convenience,MEDIWOUNDLTD_01_15_2014-EX-10.6-SUPPLY AGREEMENT,adversarial,0.17,20,0.8,0.5768290759621456,0.49999999995,1.0
28,Termination For Convenience,EMERALDHEALTHTHERAPEUTICSINC_06_10_2020-EX-4.5-CONSULTING AGREEMENT - DR. GAETANO MORELLO N.D. INC.,baseline,1.0,0,1.0,0.5722898080058252,0.9999999999,1.0
28,Termination For Convenience,EMERALDHEALTHTHERAPEUTICSINC_06_10_2020-EX-4.5-CONSULTING AGREEMENT - DR. GAETANO MORELLO N.D. INC.,random,0.5,4,1.0,0.5722898080058252,0.9999999999,1.0
28,Termination For Convenience,EMERALDHEALTHTHERAPEUTICSINC_06_10_2020-EX-4.5-CONSULTING AGREEMENT - DR. GAETANO MORELLO N.D. INC.,topical,0.5,4,1.0,0.5722898080058252,0.9999999999,1.0
28,Termination For Convenience,EMERALDHEALTHTHERAPEUTICSINC_06_10_2020-EX-4.5-CONSULTING AGREEMENT - DR. GAETANO MORELLO N.D. INC.,adversarial,0.5,4,1.0,0.5332951371330281,0.9999999999,1.0
28,Termination For Convenience,EMERALDHEALTHTHERAPEUTICSINC_06_10_2020-EX-4.5-CONSULTING AGREEMENT - DR. GAETANO MORELLO N.D. INC.,random,0.33,8,1.0,0.5712001801184723,0.9999999999,1.0
28,Termination For Convenience,EMERALDHEALTHTHERAPEUTICSINC_06_10_2020-EX-4.5-CONSULTING AGREEMENT - DR. GAETANO MORELLO N.D. INC.,topical,0.33,8,1.0,0.576045527279276,0.9999999999,1.0
28,Termination For Convenience,EMERALDHEALTHTHERAPEUTICSINC_06_10_2020-EX-4.5-CONSULTING AGREEMENT - DR. GAETANO MORELLO N.D. INC.,adversarial,0.33,8,0.6666666666666666,0.5776249352762555,0.9999999999,1.0
28,Termination For Convenience,EMERALDHEALTHTHERAPEUTICSINC_06_10_2020-EX-4.5-CONSULTING AGREEMENT - DR. GAETANO MORELLO N.D. INC.,random,0.25,12,1.0,0.5722898080058252,0.9999999999,1.0
28,Termination For Convenience,EMERALDHEALTHTHERAPEUTICSINC_06_10_2020-EX-4.5-CONSULTING AGREEMENT - DR. GAETANO MORELLO N.D. INC.,topical,0.25,12,1.0,0.5050178634586133,0.9999999999,1.0
28,Termination For Convenience,EMERALDHEALTHTHERAPEUTICSINC_06_10_2020-EX-4.5-CONSULTING AGREEMENT - DR. GAETANO MORELLO N.D. INC.,adversarial,0.25,12,0.5,0.7078518681737966,0.7499999999625,1.0
28,Termination For Convenience,EMERALDHEALTHTHERAPEUTICSINC_06_10_2020-EX-4.5-CONSULTING AGREEMENT - DR. GAETANO MORELLO N.D. INC.,random,0.17,20,0.6666666666666666,0.0,0.9999999999,1.0
28,Termination For Convenience,EMERALDHEALTHTHERAPEUTICSINC_06_10_2020-EX-4.5-CONSULTING AGREEMENT - DR. GAETANO MORELLO N.D. INC.,topical,0.17,20,1.0,0.5507690450394228,0.5666666666383333,1.0
28,Termination For Convenience,EMERALDHEALTHTHERAPEUTICSINC_06_10_2020-EX-4.5-CONSULTING AGREEMENT - DR. GAETANO MORELLO N.D. INC.,adversarial,0.17,20,1.0,0.5923207696086681,0.5833333333041667,1.0
29,Termination For Convenience,TELKOMSALTD_01_30_2003-EX-10-LICENCE AND MAINTENANCE AGREEMENT,baseline,1.0,0,1.0,0.45494206482020916,0.99999999995,1.0
29,Termination For Convenience,TELKOMSALTD_01_30_2003-EX-10-LICENCE AND MAINTENANCE AGREEMENT,random,0.5,4,1.0,0.5856294550554679,0.99999999995,1.0
29,Termination For Convenience,TELKOMSALTD_01_30_2003-EX-10-LICENCE AND MAINTENANCE AGREEMENT,topical,0.5,4,1.0,0.5856294550554679,0.99999999995,1.0
29,Termination For Convenience,TELKOMSALTD_01_30_2003-EX-10-LICENCE AND MAINTENANCE AGREEMENT,adversarial,0.5,4,1.0,0.47718552694277144,0.8333333333055556,1.0
29,Termination For Convenience,TELKOMSALTD_01_30_2003-EX-10-LICENCE AND MAINTENANCE AGREEMENT,random,0.33,8,1.0,0.494703265302217,0.8095238094968253,1.0
29,Termination For Convenience,TELKOMSALTD_01_30_2003-EX-10-LICENCE AND MAINTENANCE AGREEMENT,topical,0.33,8,1.0,0.4246995909660823,0.8095238094968253,1.0
29,Termination For Convenience,TELKOMSALTD_01_30_2003-EX-10-LICENCE AND MAINTENANCE AGREEMENT,adversarial,0.33,8,1.0,0.5646348030637836,0.7777777777518519,1.0
29,Termination For Convenience,TELKOMSALTD_01_30_2003-EX-10-LICENCE AND MAINTENANCE AGREEMENT,random,0.25,12,1.0,0.5856294550554679,0.99999999995,1.0
29,Termination For Convenience,TELKOMSALTD_01_30_2003-EX-10-LICENCE AND MAINTENANCE AGREEMENT,topical,0.25,12,1.0,0.4075544534157734,0.9999999999666667,1.0
29,Termination For Convenience,TELKOMSALTD_01_30_2003-EX-10-LICENCE AND MAINTENANCE AGREEMENT,adversarial,0.25,12,0.75,0.5647365724665901,0.6451048950887674,1.0
29,Termination For Convenience,TELKOMSALTD_01_30_2003-EX-10-LICENCE AND MAINTENANCE AGREEMENT,random,0.17,20,1.0,0.3566134829744979,0.99999999995,1.0
29,Termination For Convenience,TELKOMSALTD_01_30_2003-EX-10-LICENCE AND MAINTENANCE AGREEMENT,topical,0.17,20,0.75,0.576045527279276,0.7777777777518519,1.0
29,Termination For Convenience,TELKOMSALTD_01_30_2003-EX-10-LICENCE AND MAINTENANCE AGREEMENT,adversarial,0.17,20,1.0,0.5912067128073839,0.6886116946692635,1.0
30,Ip Ownership Assignment,ArmstrongFlooringInc_20190107_8-K_EX-10.2_11471795_EX-10.2_Intellectual Property Agreement,baseline,1.0,0,0.5,0.352242550302273,0.9999999999,1.0
30,Ip Ownership Assignment,ArmstrongFlooringInc_20190107_8-K_EX-10.2_11471795_EX-10.2_Intellectual Property Agreement,random,0.5,4,1.0,0.4604820338785678,0.9999999999,1.0
30,Ip Ownership Assignment,ArmstrongFlooringInc_20190107_8-K_EX-10.2_11471795_EX-10.2_Intellectual Property Agreement,topical,0.5,4,1.0,0.5179746671551031,0.9999999999,1.0
30,Ip Ownership Assignment,ArmstrongFlooringInc_20190107_8-K_EX-10.2_11471795_EX-10.2_Intellectual Property Agreement,adversarial,0.5,4,1.0,0.6741009578606147,0.999999999975,1.0
30,Ip Ownership Assignment,ArmstrongFlooringInc_20190107_8-K_EX-10.2_11471795_EX-10.2_Intellectual Property Agreement,random,0.33,8,1.0,0.5285318295679193,0.9999999999,1.0
30,Ip Ownership Assignment,ArmstrongFlooringInc_20190107_8-K_EX-10.2_11471795_EX-10.2_Intellectual Property Agreement,topical,0.33,8,0.75,0.7725908819903999,0.9999999999,1.0
30,Ip Ownership Assignment,ArmstrongFlooringInc_20190107_8-K_EX-10.2_11471795_EX-10.2_Intellectual Property Agreement,adversarial,0.33,8,0.9,0.6132867208780196,0.6726190476055952,1.0
30,Ip Ownership Assignment,ArmstrongFlooringInc_20190107_8-K_EX-10.2_11471795_EX-10.2_Intellectual Property Agreement,random,0.25,12,1.0,0.44784671724003927,0.642857142825,1.0
30,Ip Ownership Assignment,ArmstrongFlooringInc_20190107_8-K_EX-10.2_11471795_EX-10.2_Intellectual Property Agreement,topical,0.25,12,1.0,0.49158437118358334,0.6111111110805556,1.0
30,Ip Ownership Assignment,ArmstrongFlooringInc_20190107_8-K_EX-10.2_11471795_EX-10.2_Intellectual Property Agreement,adversarial,0.25,12,1.0,0.0,0.7859177859090535,1.0
30,Ip Ownership Assignment,ArmstrongFlooringInc_20190107_8-K_EX-10.2_11471795_EX-10.2_Intellectual Property Agreement,random,0.17,20,0.5,0.352242550302273,0.9999999999,1.0
30,Ip Ownership Assignment,ArmstrongFlooringInc_20190107_8-K_EX-10.2_11471795_EX-10.2_Intellectual Property Agreement,topical,0.17,20,1.0,0.3978387467880876,0.699999999965,1.0
30,Ip Ownership Assignment,ArmstrongFlooringInc_20190107_8-K_EX-10.2_11471795_EX-10.2_Intellectual Property Agreement,adversarial,0.17,20,1.0,0.6837349989343819,0.6856402709856755,1.0
31,Ip Ownership Assignment,UpjohnInc_20200121_10-12G_EX-2.6_11948692_EX-2.6_Manufacturing Agreement_ Supply Agreement,baseline,1.0,0,0.8,0.46479995800704815,0.99999999995,1.0
31,Ip Ownership Assignment,UpjohnInc_20200121_10-12G_EX-2.6_11948692_EX-2.6_Manufacturing Agreement_ Supply Agreement,random,0.5,4,0.8,0.46480243540943056,0.99999999995,1.0
31,Ip Ownership Assignment,UpjohnInc_20200121_10-12G_EX-2.6_11948692_EX-2.6_Manufacturing Agreement_ Supply Agreement,topical,0.5,4,1.0,0.42133290511739246,0.8333333333055556,1.0
31,Ip Ownership Assignment,UpjohnInc_20200121_10-12G_EX-2.6_11948692_EX-2.6_Manufacturing Agreement_ Supply Agreement,adversarial,0.5,4,1.0,0.0,0.9999999999833333,1.0
31,Ip Ownership Assignment,UpjohnInc_20200121_10-12G_EX-2.6_11948692_EX-2.6_Manufacturing Agreement_ Supply Agreement,random,0.33,8,1.0,0.5760810994291614,0.99999999995,1.0
31,Ip Ownership Assignment,UpjohnInc_20200121_10-12G_EX-2.6_11948692_EX-2.6_Manufacturing Agreement_ Supply Agreement,topical,0.33,8,1.0,0.464740285694056,0.74999999998125,1.0
31,Ip Ownership Assignment,UpjohnInc_20200121_10-12G_EX-2.6_11948692_EX-2.6_Manufacturing Agreement_ Supply Agreement,adversarial,0.33,8,1.0,0.5547362760343352,0.7511904761797449,1.0
31,Ip Ownership Assignment,UpjohnInc_20200121_10-12G_EX-2.6_11948692_EX-2.6_Manufacturing Agreement_ Supply Agreement,random,0.25,12,1.0,0.42131083552141163,0.7708333333140626,1.0
31,Ip Ownership Assignment,UpjohnInc_20200121_10-12G_EX-2.6_11948692_EX-2.6_Manufacturing Agreement_ Supply Agreement,topical,0.25,12,0.8,0.5578749769388298,0.8333333333125,1.0
31,Ip Ownership Assignment,UpjohnInc_20200121_10-12G_EX-2.6_11948692_EX-2.6_Manufacturing Agreement_ Supply Agreement,adversarial,0.25,12,1.0,0.0,0.8840980778407104,1.0
31,Ip Ownership Assignment,UpjohnInc_20200121_10-12G_EX-2.6_11948692_EX-2.6_Manufacturing Agreement_ Supply Agreement,random,0.17,20,1.0,0.46479995800704815,0.7435897435649573,1.0
31,Ip Ownership Assignment,UpjohnInc_20200121_10-12G_EX-2.6_11948692_EX-2.6_Manufacturing Agreement_ Supply Agreement,topical,0.17,20,1.0,0.42133290511739246,0.99999999995,1.0
31,Ip Ownership Assignment,UpjohnInc_20200121_10-12G_EX-2.6_11948692_EX-2.6_Manufacturing Agreement_ Supply Agreement,adversarial,0.17,20,1.0,0.6196728185500227,0.8175009501973798,1.0
32,Ip Ownership Assignment,LiquidmetalTechnologiesInc_20200205_8-K_EX-10.1_11968198_EX-10.1_Development Agreement,baseline,1.0,0,1.0,0.37206339613244477,0.9999999999,0.5
32,Ip Ownership Assignment,LiquidmetalTechnologiesInc_20200205_8-K_EX-10.1_11968198_EX-10.1_Development Agreement,random,0.5,4,1.0,0.3720603419626659,0.9999999999,0.5
32,Ip Ownership Assignment,LiquidmetalTechnologiesInc_20200205_8-K_EX-10.1_11968198_EX-10.1_Development Agreement,topical,0.5,4,1.0,0.0,0.9999999999,0.5
32,Ip Ownership Assignment,LiquidmetalTechnologiesInc_20200205_8-K_EX-10.1_11968198_EX-10.1_Development Agreement,adversarial,0.5,4,1.0,0.6865842608485405,0.999999999975,0.5
32,Ip Ownership Assignment,LiquidmetalTechnologiesInc_20200205_8-K_EX-10.1_11968198_EX-10.1_Development Agreement,random,0.33,8,1.0,0.37208026800242566,0.6666666666444444,1.0
32,Ip Ownership Assignment,LiquidmetalTechnologiesInc_20200205_8-K_EX-10.1_11968198_EX-10.1_Development Agreement,topical,0.33,8,1.0,0.5527797380300296,0.9999999999,0.5
32,Ip Ownership Assignment,LiquidmetalTechnologiesInc_20200205_8-K_EX-10.1_11968198_EX-10.1_Development Agreement,adversarial,0.33,8,1.0,0.6728656003893951,0.9484126983968916,1.0
32,Ip Ownership Assignment,LiquidmetalTechnologiesInc_20200205_8-K_EX-10.1_11968198_EX-10.1_Development Agreement,random,0.25,12,1.0,0.4771436629604907,0.6666666666333333,0.5
32,Ip Ownership Assignment,LiquidmetalTechnologiesInc_20200205_8-K_EX-10.1_11968198_EX-10.1_Development Agreement,topical,0.25,12,1.0,0.0,0.9999999999,0.5
32,Ip Ownership Assignment,LiquidmetalTechnologiesInc_20200205_8-K_EX-10.1_11968198_EX-10.1_Development Agreement,adversarial,0.25,12,0.8888888888888888,0.6302064853544244,0.8198523698432604,0.5
32,Ip Ownership Assignment,LiquidmetalTechnologiesInc_20200205_8-K_EX-10.1_11968198_EX-10.1_Development Agreement,random,0.17,20,1.0,0.4092402676916813,0.6666666666333333,0.5
32,Ip Ownership Assignment,LiquidmetalTechnologiesInc_20200205_8-K_EX-10.1_11968198_EX-10.1_Development Agreement,topical,0.17,20,1.0,0.4816746838049936,0.5648717948604974,0.5
32,Ip Ownership Assignment,LiquidmetalTechnologiesInc_20200205_8-K_EX-10.1_11968198_EX-10.1_Development Agreement,adversarial,0.17,20,1.0,0.6741009578606147,0.6902531847316807,0.5
33,Ip Ownership Assignment,"KNOWLABS,INC_08_15_2005-EX-10-INTELLECTUAL PROPERTY AGREEMENT",baseline,1.0,0,1.0,0.511534228621828,0.99999999995,1.0
33,Ip Ownership Assignment,"KNOWLABS,INC_08_15_2005-EX-10-INTELLECTUAL PROPERTY AGREEMENT",random,0.5,4,1.0,0.5115437815088664,0.9166666666361111,1.0
33,Ip Ownership Assignment,"KNOWLABS,INC_08_15_2005-EX-10-INTELLECTUAL PROPERTY AGREEMENT",topical,0.5,4,1.0,0.5115080126548829,0.99999999995,1.0
33,Ip Ownership Assignment,"KNOWLABS,INC_08_15_2005-EX-10-INTELLECTUAL PROPERTY AGREEMENT",adversarial,0.5,4,1.0,0.6550787983000304,0.9666666666473333,1.0
33,Ip Ownership Assignment,"KNOWLABS,INC_08_15_2005-EX-10-INTELLECTUAL PROPERTY AGREEMENT",random,0.33,8,1.0,0.511594493563275,0.99999999995,1.0
33,Ip Ownership Assignment,"KNOWLABS,INC_08_15_2005-EX-10-INTELLECTUAL PROPERTY AGREEMENT",topical,0.33,8,1.0,0.48165843639189754,0.99999999995,1.0
33,Ip Ownership Assignment,"KNOWLABS,INC_08_15_2005-EX-10-INTELLECTUAL PROPERTY AGREEMENT",adversarial,0.33,8,1.0,0.0,0.7885912698314125,1.0
33,Ip Ownership Assignment,"KNOWLABS,INC_08_15_2005-EX-10-INTELLECTUAL PROPERTY AGREEMENT",random,0.25,12,1.0,0.511534228621828,0.6130952380829763,1.0
33,Ip Ownership Assignment,"KNOWLABS,INC_08_15_2005-EX-10-INTELLECTUAL PROPERTY AGREEMENT",topical,0.25,12,1.0,0.511534228621828,0.8333333333055556,1.0
33,Ip Ownership Assignment,"KNOWLABS,INC_08_15_2005-EX-10-INTELLECTUAL PROPERTY AGREEMENT",adversarial,0.25,12,1.0,0.5115437815088664,0.9674927636391675,1.0
33,Ip Ownership Assignment,"KNOWLABS,INC_08_15_2005-EX-10-INTELLECTUAL PROPERTY AGREEMENT",random,0.17,20,1.0,0.511534228621828,0.99999999995,1.0
33,Ip Ownership Assignment,"KNOWLABS,INC_08_15_2005-EX-10-INTELLECTUAL PROPERTY AGREEMENT",topical,0.17,20,1.0,0.511534228621828,0.6284271284181508,1.0
33,Ip Ownership Assignment,"KNOWLABS,INC_08_15_2005-EX-10-INTELLECTUAL PROPERTY AGREEMENT",adversarial,0.17,20,1.0,0.0,0.9804621848685026,1.0
34,Ip Ownership Assignment,HfEnterprisesInc_20191223_S-1_EX-10.22_11931299_EX-10.22_Development Agreement,baseline,1.0,0,1.0,0.490042972599922,0.99999999995,1.0
34,Ip Ownership Assignment,HfEnterprisesInc_20191223_S-1_EX-10.22_11931299_EX-10.22_Development Agreement,random,0.5,4,1.0,0.37746005598424587,0.99999999995,1.0
34,Ip Ownership Assignment,HfEnterprisesInc_20191223_S-1_EX-10.22_11931299_EX-10.22_Development Agreement,topical,0.5,4,1.0,0.5572119419376536,0.81666666664625,1.0
34,Ip Ownership Assignment,HfEnterprisesInc_20191223_S-1_EX-10.22_11931299_EX-10.22_Development Agreement,adversarial,0.5,4,1.0,0.4571748873733757,0.99999999998,1.0
34,Ip Ownership Assignment,HfEnterprisesInc_20191223_S-1_EX-10.22_11931299_EX-10.22_Development Agreement,random,0.33,8,1.0,0.44883729004153533,0.99999999995,1.0
34,Ip Ownership Assignment,HfEnterprisesInc_20191223_S-1_EX-10.22_11931299_EX-10.22_Development Agreement,topical,0.33,8,1.0,0.37746005598424587,0.7777777777518519,1.0
34,Ip Ownership Assignment,HfEnterprisesInc_20191223_S-1_EX-10.22_11931299_EX-10.22_Development Agreement,adversarial,0.33,8,1.0,0.0,0.9282627865858059,1.0
34,Ip Ownership Assignment,HfEnterprisesInc_20191223_S-1_EX-10.22_11931299_EX-10.22_Development Agreement,random,0.25,12,1.0,0.38519515442738744,0.99999999995,1.0
34,Ip Ownership Assignment,HfEnterprisesInc_20191223_S-1_EX-10.22_11931299_EX-10.22_Development Agreement,topical,0.25,12,1.0,0.44875145350301215,0.99999999995,1.0
34,Ip Ownership Assignment,HfEnterprisesInc_20191223_S-1_EX-10.22_11931299_EX-10.22_Development Agreement,adversarial,0.25,12,1.0,0.5565459222717632,0.8685888185815803,1.0
34,Ip Ownership Assignment,HfEnterprisesInc_20191223_S-1_EX-10.22_11931299_EX-10.22_Development Agreement,random,0.17,20,1.0,0.4107745864097834,0.9166666666361111,1.0
34,Ip Ownership Assignment,HfEnterprisesInc_20191223_S-1_EX-10.22_11931299_EX-10.22_Development Agreement,topical,0.17,20,1.0,0.44389742551047534,0.5952272727153681,1.0
34,Ip Ownership Assignment,HfEnterprisesInc_20191223_S-1_EX-10.22_11931299_EX-10.22_Development Agreement,adversarial,0.17,20,1.0,0.6666182410913499,0.9125479549448461,1.0
35,Ip Ownership Assignment,ZogenixInc_20190509_10-Q_EX-10.2_11663313_EX-10.2_Distributor Agreement,baseline,1.0,0,1.0,0.0,0.0,1.0
35,Ip Ownership Assignment,ZogenixInc_20190509_10-Q_EX-10.2_11663313_EX-10.2_Distributor Agreement,random,0.5,4,1.0,0.0,0.0,1.0
35,Ip Ownership Assignment,ZogenixInc_20190509_10-Q_EX-10.2_11663313_EX-10.2_Distributor Agreement,topical,0.5,4,1.0,0.0,0.0,1.0
35,Ip Ownership Assignment,ZogenixInc_20190509_10-Q_EX-10.2_11663313_EX-10.2_Distributor Agreement,adversarial,0.5,4,1.0,0.6089979106130667,0.19999999998,1.0
35,Ip Ownership Assignment,ZogenixInc_20190509_10-Q_EX-10.2_11663313_EX-10.2_Distributor Agreement,random,0.33,8,1.0,0.0,0.0,1.0
35,Ip Ownership Assignment,ZogenixInc_20190509_10-Q_EX-10.2_11663313_EX-10.2_Distributor Agreement,topical,0.33,8,1.0,0.5151016451117486,0.0,1.0
35,Ip Ownership Assignment,ZogenixInc_20190509_10-Q_EX-10.2_11663313_EX-10.2_Distributor Agreement,adversarial,0.33,8,1.0,0.5547362760343352,0.11111111109999999,1.0
35,Ip Ownership Assignment,ZogenixInc_20190509_10-Q_EX-10.2_11663313_EX-10.2_Distributor Agreement,random,0.25,12,1.0,0.7653091330373246,0.0,1.0
35,Ip Ownership Assignment,ZogenixInc_20190509_10-Q_EX-10.2_11663313_EX-10.2_Distributor Agreement,topical,0.25,12,1.0,0.0,0.0,1.0
35,Ip Ownership Assignment,ZogenixInc_20190509_10-Q_EX-10.2_11663313_EX-10.2_Distributor Agreement,adversarial,0.25,12,1.0,0.0,0.24090909090106058,1.0
35,Ip Ownership Assignment,ZogenixInc_20190509_10-Q_EX-10.2_11663313_EX-10.2_Distributor Agreement,random,0.17,20,1.0,0.0,0.0,1.0
35,Ip Ownership Assignment,ZogenixInc_20190509_10-Q_EX-10.2_11663313_EX-10.2_Distributor Agreement,topical,0.17,20,1.0,0.5290103992650856,0.0,1.0
35,Ip Ownership Assignment,ZogenixInc_20190509_10-Q_EX-10.2_11663313_EX-10.2_Distributor Agreement,adversarial,0.17,20,1.0,0.0,0.14468211526552785,1.0
36,Ip Ownership Assignment,BICYCLETHERAPEUTICSPLC_03_10_2020-EX-10.11-SERVICE AGREEMENT,baseline,1.0,0,1.0,0.6170483999581878,0.9999999999,1.0
36,Ip Ownership Assignment,BICYCLETHERAPEUTICSPLC_03_10_2020-EX-10.11-SERVICE AGREEMENT,random,0.5,4,1.0,0.6170483999581878,0.9999999999,1.0
36,Ip Ownership Assignment,BICYCLETHERAPEUTICSPLC_03_10_2020-EX-10.11-SERVICE AGREEMENT,topical,0.5,4,1.0,0.6170483999581878,0.8333333332916666,1.0
36,Ip Ownership Assignment,BICYCLETHERAPEUTICSPLC_03_10_2020-EX-10.11-SERVICE AGREEMENT,adversarial,0.5,4,1.0,0.0,0.94999999997625,1.0
36,Ip Ownership Assignment,BICYCLETHERAPEUTICSPLC_03_10_2020-EX-10.11-SERVICE AGREEMENT,random,0.33,8,1.0,0.617094041405903,0.699999999965,1.0
36,Ip Ownership Assignment,BICYCLETHERAPEUTICSPLC_03_10_2020-EX-10.11-SERVICE AGREEMENT,topical,0.33,8,1.0,0.5084265465894513,0.9999999999,1.0
36,Ip Ownership Assignment,BICYCLETHERAPEUTICSPLC_03_10_2020-EX-10.11-SERVICE AGREEMENT,adversarial,0.33,8,1.0,0.6086114190451238,0.9704861110989801,1.0
36,Ip Ownership Assignment,BICYCLETHERAPEUTICSPLC_03_10_2020-EX-10.11-SERVICE AGREEMENT,random,0.25,12,1.0,0.6171187212738359,0.5909090908795455,1.0
36,Ip Ownership Assignment,BICYCLETHERAPEUTICSPLC_03_10_2020-EX-10.11-SERVICE AGREEMENT,topical,0.25,12,1.0,0.55657486072339,0.48433048431433995,1.0
36,Ip Ownership Assignment,BICYCLETHERAPEUTICSPLC_03_10_2020-EX-10.11-SERVICE AGREEMENT,adversarial,0.25,12,1.0,0.0,0.8362626262542636,1.0
36,Ip Ownership Assignment,BICYCLETHERAPEUTICSPLC_03_10_2020-EX-10.11-SERVICE AGREEMENT,random,0.17,20,1.0,0.4989595188397035,0.9999999999,1.0
36,Ip Ownership Assignment,BICYCLETHERAPEUTICSPLC_03_10_2020-EX-10.11-SERVICE AGREEMENT,topical,0.17,20,1.0,0.511534228621828,0.5555555555277778,1.0
36,Ip Ownership Assignment,BICYCLETHERAPEUTICSPLC_03_10_2020-EX-10.11-SERVICE AGREEMENT,adversarial,0.17,20,1.0,0.6741009578606147,0.8453000103946435,1.0
37,Ip Ownership Assignment,GarrettMotionInc_20181001_8-K_EX-2.4_11364532_EX-2.4_Intellectual Property Agreement,baseline,1.0,0,0.9090909090909091,0.0,0.9999999999,1.0
37,Ip Ownership Assignment,GarrettMotionInc_20181001_8-K_EX-2.4_11364532_EX-2.4_Intellectual Property Agreement,random,0.5,4,1.0,0.7090357566556454,0.9999999999,1.0
37,Ip Ownership Assignment,GarrettMotionInc_20181001_8-K_EX-2.4_11364532_EX-2.4_Intellectual Property Agreement,topical,0.5,4,1.0,0.6946923538939881,0.699999999965,1.0
37,Ip Ownership Assignment,GarrettMotionInc_20181001_8-K_EX-2.4_11364532_EX-2.4_Intellectual Property Agreement,adversarial,0.5,4,1.0,0.5842108675312672,0.8041666666465626,1.0
37,Ip Ownership Assignment,GarrettMotionInc_20181001_8-K_EX-2.4_11364532_EX-2.4_Intellectual Property Agreement,random,0.33,8,1.0,0.7090357566556454,0.6111111110805556,1.0
37,Ip Ownership Assignment,GarrettMotionInc_20181001_8-K_EX-2.4_11364532_EX-2.4_Intellectual Property Agreement,topical,0.33,8,1.0,0.4989595188397035,0.62499999996875,1.0
37,Ip Ownership Assignment,GarrettMotionInc_20181001_8-K_EX-2.4_11364532_EX-2.4_Intellectual Property Agreement,adversarial,0.33,8,1.0,0.0,0.8597505668811418,1.0
37,Ip Ownership Assignment,GarrettMotionInc_20181001_8-K_EX-2.4_11364532_EX-2.4_Intellectual Property Agreement,random,0.25,12,1.0,0.8111544079931156,0.9999999999,1.0
37,Ip Ownership Assignment,GarrettMotionInc_20181001_8-K_EX-2.4_11364532_EX-2.4_Intellectual Property Agreement,topical,0.25,12,1.0,0.6946923538939881,0.5353535353356902,1.0
37,Ip Ownership Assignment,GarrettMotionInc_20181001_8-K_EX-2.4_11364532_EX-2.4_Intellectual Property Agreement,adversarial,0.25,12,1.0,0.0,0.6652227402153488,1.0
37,Ip Ownership Assignment,GarrettMotionInc_20181001_8-K_EX-2.4_11364532_EX-2.4_Intellectual Property Agreement,random,0.17,20,1.0,0.4902821977554557,0.47916666665069446,1.0
37,Ip Ownership Assignment,GarrettMotionInc_20181001_8-K_EX-2.4_11364532_EX-2.4_Intellectual Property Agreement,topical,0.17,20,1.0,0.4985902391313248,0.699999999965,1.0
37,Ip Ownership Assignment,GarrettMotionInc_20181001_8-K_EX-2.4_11364532_EX-2.4_Intellectual Property Agreement,adversarial,0.17,20,1.0,0.0,0.8539548529052172,1.0
38,Ip Ownership Assignment,"PACIRA PHARMACEUTICALS, INC. - A_R STRATEGIC LICENSING, DISTRIBUTION AND MARKETING AGREEMENT ",baseline,1.0,0,1.0,0.38430214007298075,0.49999999995,1.0
38,Ip Ownership Assignment,"PACIRA PHARMACEUTICALS, INC. - A_R STRATEGIC LICENSING, DISTRIBUTION AND MARKETING AGREEMENT ",random,0.5,4,1.0,0.5646710388124838,0.499999999975,1.0
38,Ip Ownership Assignment,"PACIRA PHARMACEUTICALS, INC. - A_R STRATEGIC LICENSING, DISTRIBUTION AND MARKETING AGREEMENT ",topical,0.5,4,1.0,0.3575997809976678,0.49999999995,1.0
38,Ip Ownership Assignment,"PACIRA PHARMACEUTICALS, INC. - A_R STRATEGIC LICENSING, DISTRIBUTION AND MARKETING AGREEMENT ",adversarial,0.5,4,1.0,0.5580127608395585,0.49999999995,1.0
38,Ip Ownership Assignment,"PACIRA PHARMACEUTICALS, INC. - A_R STRATEGIC LICENSING, DISTRIBUTION AND MARKETING AGREEMENT ",random,0.33,8,1.0,0.518710560431427,0.49999999995,1.0
38,Ip Ownership Assignment,"PACIRA PHARMACEUTICALS, INC. - A_R STRATEGIC LICENSING, DISTRIBUTION AND MARKETING AGREEMENT ",topical,0.33,8,1.0,0.684958574745083,0.49999999995,1.0
38,Ip Ownership Assignment,"PACIRA PHARMACEUTICALS, INC. - A_R STRATEGIC LICENSING, DISTRIBUTION AND MARKETING AGREEMENT ",adversarial,0.33,8,1.0,0.6088950579458281,0.49999999995,1.0
38,Ip Ownership Assignment,"PACIRA PHARMACEUTICALS, INC. - A_R STRATEGIC LICENSING, DISTRIBUTION AND MARKETING AGREEMENT ",random,0.25,12,0.8888888888888888,0.33851273349370786,0.49999999995,1.0
38,Ip Ownership Assignment,"PACIRA PHARMACEUTICALS, INC. - A_R STRATEGIC LICENSING, DISTRIBUTION AND MARKETING AGREEMENT ",topical,0.25,12,0.9,0.0,0.49999999995,1.0
38,Ip Ownership Assignment,"PACIRA PHARMACEUTICALS, INC. - A_R STRATEGIC LICENSING, DISTRIBUTION AND MARKETING AGREEMENT ",adversarial,0.25,12,1.0,0.0,0.49999999995,1.0
38,Ip Ownership Assignment,"PACIRA PHARMACEUTICALS, INC. - A_R STRATEGIC LICENSING, DISTRIBUTION AND MARKETING AGREEMENT ",random,0.17,20,1.0,0.4344599515830559,0.49999999995,1.0
38,Ip Ownership Assignment,"PACIRA PHARMACEUTICALS, INC. - A_R STRATEGIC LICENSING, DISTRIBUTION AND MARKETING AGREEMENT ",topical,0.17,20,1.0,0.49158437118358334,0.49999999995,1.0
38,Ip Ownership Assignment,"PACIRA PHARMACEUTICALS, INC. - A_R STRATEGIC LICENSING, DISTRIBUTION AND MARKETING AGREEMENT ",adversarial,0.17,20,1.0,0.0,0.49999999995,1.0
39,Ip Ownership Assignment,CORIOINC_07_20_2000-EX-10.5-LICENSE AND HOSTING AGREEMENT,baseline,1.0,0,1.0,0.514242472926738,0.9999999999,1.0
39,Ip Ownership Assignment,CORIOINC_07_20_2000-EX-10.5-LICENSE AND HOSTING AGREEMENT,random,0.5,4,1.0,0.5151016451117486,0.9999999999,1.0
39,Ip Ownership Assignment,CORIOINC_07_20_2000-EX-10.5-LICENSE AND HOSTING AGREEMENT,topical,0.5,4,1.0,0.5151016451117486,0.9999999999,1.0
39,Ip Ownership Assignment,CORIOINC_07_20_2000-EX-10.5-LICENSE AND HOSTING AGREEMENT,adversarial,0.5,4,1.0,0.4620165310763948,0.99999999998,1.0
39,Ip Ownership Assignment,CORIOINC_07_20_2000-EX-10.5-LICENSE AND HOSTING AGREEMENT,random,0.33,8,1.0,0.514242472926738,0.7555555555303703,1.0
39,Ip Ownership Assignment,CORIOINC_07_20_2000-EX-10.5-LICENSE AND HOSTING AGREEMENT,topical,0.33,8,1.0,0.30508694862970254,0.6666666666333333,1.0
39,Ip Ownership Assignment,CORIOINC_07_20_2000-EX-10.5-LICENSE AND HOSTING AGREEMENT,adversarial,0.33,8,0.9230769230769231,0.6283487723803707,0.9999999999888889,1.0
39,Ip Ownership Assignment,CORIOINC_07_20_2000-EX-10.5-LICENSE AND HOSTING AGREEMENT,random,0.25,12,1.0,0.5151016451117486,0.5909090908795455,1.0
39,Ip Ownership Assignment,CORIOINC_07_20_2000-EX-10.5-LICENSE AND HOSTING AGREEMENT,topical,0.25,12,1.0,0.514242472926738,0.5075757575588383,1.0
39,Ip Ownership Assignment,CORIOINC_07_20_2000-EX-10.5-LICENSE AND HOSTING AGREEMENT,adversarial,0.25,12,0.8666666666666667,0.687105292444674,0.925266631508921,1.0
39,Ip Ownership Assignment,CORIOINC_07_20_2000-EX-10.5-LICENSE AND HOSTING AGREEMENT,random,0.17,20,1.0,0.514245476943827,0.4671568627334191,1.0
39,Ip Ownership Assignment,CORIOINC_07_20_2000-EX-10.5-LICENSE AND HOSTING AGREEMENT,topical,0.17,20,1.0,0.514245476943827,0.39466454597046885,1.0
39,Ip Ownership Assignment,CORIOINC_07_20_2000-EX-10.5-LICENSE AND HOSTING AGREEMENT,adversarial,0.17,20,1.0,0.0,0.8940762737862191,1.0
40,Non-Compete,"HERTZGLOBALHOLDINGS,INC_07_07_2016-EX-10.4-INTELLECTUAL PROPERTY AGREEMENT",baseline,1.0,0,1.0,0.35459710734533084,0.9999999999,1.0
40,Non-Compete,"HERTZGLOBALHOLDINGS,INC_07_07_2016-EX-10.4-INTELLECTUAL PROPERTY AGREEMENT",random,0.5,4,1.0,0.35459710734533084,0.9999999999,1.0
40,Non-Compete,"HERTZGLOBALHOLDINGS,INC_07_07_2016-EX-10.4-INTELLECTUAL PROPERTY AGREEMENT",topical,0.5,4,1.0,0.35881512274405347,0.9999999999,1.0
40,Non-Compete,"HERTZGLOBALHOLDINGS,INC_07_07_2016-EX-10.4-INTELLECTUAL PROPERTY AGREEMENT",adversarial,0.5,4,1.0,0.0,0.9999999999,1.0
40,Non-Compete,"HERTZGLOBALHOLDINGS,INC_07_07_2016-EX-10.4-INTELLECTUAL PROPERTY AGREEMENT",random,0.33,8,1.0,0.35874492737715846,0.9999999999,1.0
40,Non-Compete,"HERTZGLOBALHOLDINGS,INC_07_07_2016-EX-10.4-INTELLECTUAL PROPERTY AGREEMENT",topical,0.33,8,1.0,0.36069686905430653,0.9999999999,1.0
40,Non-Compete,"HERTZGLOBALHOLDINGS,INC_07_07_2016-EX-10.4-INTELLECTUAL PROPERTY AGREEMENT",adversarial,0.33,8,1.0,0.0,0.6349206349047619,1.0
40,Non-Compete,"HERTZGLOBALHOLDINGS,INC_07_07_2016-EX-10.4-INTELLECTUAL PROPERTY AGREEMENT",random,0.25,12,1.0,0.35457250952512515,0.9999999999,1.0
40,Non-Compete,"HERTZGLOBALHOLDINGS,INC_07_07_2016-EX-10.4-INTELLECTUAL PROPERTY AGREEMENT",topical,0.25,12,1.0,0.35879165723520595,0.59999999997,1.0
40,Non-Compete,"HERTZGLOBALHOLDINGS,INC_07_07_2016-EX-10.4-INTELLECTUAL PROPERTY AGREEMENT",adversarial,0.25,12,0.875,0.6736541890844924,0.5770222832650705,1.0
40,Non-Compete,"HERTZGLOBALHOLDINGS,INC_07_07_2016-EX-10.4-INTELLECTUAL PROPERTY AGREEMENT",random,0.17,20,1.0,0.7023161987394544,0.5476190475916667,1.0
40,Non-Compete,"HERTZGLOBALHOLDINGS,INC_07_07_2016-EX-10.4-INTELLECTUAL PROPERTY AGREEMENT",topical,0.17,20,1.0,0.35459710734533084,0.9999999999,1.0
40,Non-Compete,"HERTZGLOBALHOLDINGS,INC_07_07_2016-EX-10.4-INTELLECTUAL PROPERTY AGREEMENT",adversarial,0.17,20,1.0,0.6500576672493318,0.3881435615117055,1.0
41,Non-Compete,SteelVaultCorp_20081224_10-K_EX-10.16_3074935_EX-10.16_Affiliate Agreement,baseline,1.0,0,1.0,0.0,0.9999999999,1.0
41,Non-Compete,SteelVaultCorp_20081224_10-K_EX-10.16_3074935_EX-10.16_Affiliate Agreement,random,0.5,4,1.0,0.7048801053119111,0.9999999999,1.0
41,Non-Compete,SteelVaultCorp_20081224_10-K_EX-10.16_3074935_EX-10.16_Affiliate Agreement,topical,0.5,4,1.0,0.44174018989569774,0.9999999999,1.0
41,Non-Compete,SteelVaultCorp_20081224_10-K_EX-10.16_3074935_EX-10.16_Affiliate Agreement,adversarial,0.5,4,0.9,0.4300886029391924,0.99999999998,1.0
41,Non-Compete,SteelVaultCorp_20081224_10-K_EX-10.16_3074935_EX-10.16_Affiliate Agreement,random,0.33,8,0.6666666666666666,0.4417799332704696,0.7499999999625,1.0
41,Non-Compete,SteelVaultCorp_20081224_10-K_EX-10.16_3074935_EX-10.16_Affiliate Agreement,topical,0.33,8,1.0,0.5911988247981712,0.9999999999,1.0
41,Non-Compete,SteelVaultCorp_20081224_10-K_EX-10.16_3074935_EX-10.16_Affiliate Agreement,adversarial,0.33,8,0.75,0.4398574247119159,0.8303571428363838,1.0
41,Non-Compete,SteelVaultCorp_20081224_10-K_EX-10.16_3074935_EX-10.16_Affiliate Agreement,random,0.25,12,1.0,0.563749280584486,0.5769230768942307,1.0
41,Non-Compete,SteelVaultCorp_20081224_10-K_EX-10.16_3074935_EX-10.16_Affiliate Agreement,topical,0.25,12,1.0,0.7172286877461841,0.9999999999,1.0
41,Non-Compete,SteelVaultCorp_20081224_10-K_EX-10.16_3074935_EX-10.16_Affiliate Agreement,adversarial,0.25,12,1.0,0.6736541890844924,0.5769230768942307,1.0
41,Non-Compete,SteelVaultCorp_20081224_10-K_EX-10.16_3074935_EX-10.16_Affiliate Agreement,random,0.17,20,1.0,0.0,0.99999999995,1.0
41,Non-Compete,SteelVaultCorp_20081224_10-K_EX-10.16_3074935_EX-10.16_Affiliate Agreement,topical,0.17,20,1.0,0.4453364662000406,0.8333333332916666,1.0
41,Non-Compete,SteelVaultCorp_20081224_10-K_EX-10.16_3074935_EX-10.16_Affiliate Agreement,adversarial,0.17,20,1.0,0.6736541890844924,0.4670227920150083,1.0
42,Non-Compete,PlayboyEnterprisesInc_20090220_10-QA_EX-10.2_4091580_EX-10.2_Content License Agreement_ Marketing Agreement_ Sales-Purchase Agreement2,baseline,1.0,0,1.0,0.7403593529416395,0.9999999999,1.0
42,Non-Compete,PlayboyEnterprisesInc_20090220_10-QA_EX-10.2_4091580_EX-10.2_Content License Agreement_ Marketing Agreement_ Sales-Purchase Agreement2,random,0.5,4,0.3333333333333333,0.7172286877461841,0.9999999999,1.0
42,Non-Compete,PlayboyEnterprisesInc_20090220_10-QA_EX-10.2_4091580_EX-10.2_Content License Agreement_ Marketing Agreement_ Sales-Purchase Agreement2,topical,0.5,4,1.0,0.716652219669496,0.9999999999,1.0
42,Non-Compete,PlayboyEnterprisesInc_20090220_10-QA_EX-10.2_4091580_EX-10.2_Content License Agreement_ Marketing Agreement_ Sales-Purchase Agreement2,adversarial,0.5,4,1.0,0.5132861274055781,0.9999999999,1.0
42,Non-Compete,PlayboyEnterprisesInc_20090220_10-QA_EX-10.2_4091580_EX-10.2_Content License Agreement_ Marketing Agreement_ Sales-Purchase Agreement2,random,0.33,8,1.0,0.7513543273755416,0.9999999999,1.0
42,Non-Compete,PlayboyEnterprisesInc_20090220_10-QA_EX-10.2_4091580_EX-10.2_Content License Agreement_ Marketing Agreement_ Sales-Purchase Agreement2,topical,0.33,8,1.0,0.6944440431339834,0.9999999999,1.0
42,Non-Compete,PlayboyEnterprisesInc_20090220_10-QA_EX-10.2_4091580_EX-10.2_Content License Agreement_ Marketing Agreement_ Sales-Purchase Agreement2,adversarial,0.33,8,1.0,0.5467823710290503,0.9999999999,1.0
42,Non-Compete,PlayboyEnterprisesInc_20090220_10-QA_EX-10.2_4091580_EX-10.2_Content License Agreement_ Marketing Agreement_ Sales-Purchase Agreement2,random,0.25,12,1.0,0.7474641286692496,0.9999999999,1.0
42,Non-Compete,PlayboyEnterprisesInc_20090220_10-QA_EX-10.2_4091580_EX-10.2_Content License Agreement_ Marketing Agreement_ Sales-Purchase Agreement2,topical,0.25,12,1.0,0.0,0.9999999999,1.0
42,Non-Compete,PlayboyEnterprisesInc_20090220_10-QA_EX-10.2_4091580_EX-10.2_Content License Agreement_ Marketing Agreement_ Sales-Purchase Agreement2,adversarial,0.25,12,0.6,0.4520221313197927,0.9999999999,1.0
42,Non-Compete,PlayboyEnterprisesInc_20090220_10-QA_EX-10.2_4091580_EX-10.2_Content License Agreement_ Marketing Agreement_ Sales-Purchase Agreement2,random,0.17,20,1.0,0.0,0.9999999999,1.0
42,Non-Compete,PlayboyEnterprisesInc_20090220_10-QA_EX-10.2_4091580_EX-10.2_Content License Agreement_ Marketing Agreement_ Sales-Purchase Agreement2,topical,0.17,20,1.0,0.0,0.9999999999,1.0
42,Non-Compete,PlayboyEnterprisesInc_20090220_10-QA_EX-10.2_4091580_EX-10.2_Content License Agreement_ Marketing Agreement_ Sales-Purchase Agreement2,adversarial,0.17,20,1.0,0.0,0.9999999999,1.0
43,Non-Compete,"HOSPITALITYINVESTORSTRUST,INC_04_07_2014-EX-10.26-FRANCHISE AGREEMENT",baseline,1.0,0,1.0,0.37342658833477504,0.0,1.0
43,Non-Compete,"HOSPITALITYINVESTORSTRUST,INC_04_07_2014-EX-10.26-FRANCHISE AGREEMENT",random,0.5,4,1.0,0.3735603289346903,0.0,1.0
43,Non-Compete,"HOSPITALITYINVESTORSTRUST,INC_04_07_2014-EX-10.26-FRANCHISE AGREEMENT",topical,0.5,4,1.0,0.37349544081029806,0.0,1.0
43,Non-Compete,"HOSPITALITYINVESTORSTRUST,INC_04_07_2014-EX-10.26-FRANCHISE AGREEMENT",adversarial,0.5,4,1.0,0.6235961433177171,0.0,1.0
43,Non-Compete,"HOSPITALITYINVESTORSTRUST,INC_04_07_2014-EX-10.26-FRANCHISE AGREEMENT",random,0.33,8,1.0,0.37349544081029806,0.0,1.0
43,Non-Compete,"HOSPITALITYINVESTORSTRUST,INC_04_07_2014-EX-10.26-FRANCHISE AGREEMENT",topical,0.33,8,1.0,0.3735603289346903,0.0,1.0
43,Non-Compete,"HOSPITALITYINVESTORSTRUST,INC_04_07_2014-EX-10.26-FRANCHISE AGREEMENT",adversarial,0.33,8,1.0,0.0,0.0,1.0
43,Non-Compete,"HOSPITALITYINVESTORSTRUST,INC_04_07_2014-EX-10.26-FRANCHISE AGREEMENT",random,0.25,12,1.0,0.37349544081029806,0.0,1.0
43,Non-Compete,"HOSPITALITYINVESTORSTRUST,INC_04_07_2014-EX-10.26-FRANCHISE AGREEMENT",topical,0.25,12,1.0,0.37349544081029806,0.0,1.0
43,Non-Compete,"HOSPITALITYINVESTORSTRUST,INC_04_07_2014-EX-10.26-FRANCHISE AGREEMENT",adversarial,0.25,12,1.0,0.0,0.0,1.0
43,Non-Compete,"HOSPITALITYINVESTORSTRUST,INC_04_07_2014-EX-10.26-FRANCHISE AGREEMENT",random,0.17,20,0.5714285714285714,0.40824494167345776,0.0,1.0
43,Non-Compete,"HOSPITALITYINVESTORSTRUST,INC_04_07_2014-EX-10.26-FRANCHISE AGREEMENT",topical,0.17,20,1.0,0.43081620523645736,0.0,1.0
43,Non-Compete,"HOSPITALITYINVESTORSTRUST,INC_04_07_2014-EX-10.26-FRANCHISE AGREEMENT",adversarial,0.17,20,1.0,0.5761034106803022,0.0,1.0
44,Non-Compete,BEYONDCOMCORP_08_03_2000-EX-10.2-CO-HOSTING AGREEMENT,baseline,1.0,0,1.0,0.0,0.9999999999,1.0
44,Non-Compete,BEYONDCOMCORP_08_03_2000-EX-10.2-CO-HOSTING AGREEMENT,random,0.5,4,0.3333333333333333,0.737544414050545,0.9999999999,1.0
44,Non-Compete,BEYONDCOMCORP_08_03_2000-EX-10.2-CO-HOSTING AGREEMENT,topical,0.5,4,0.3333333333333333,0.7382939304988316,0.9999999999,1.0
44,Non-Compete,BEYONDCOMCORP_08_03_2000-EX-10.2-CO-HOSTING AGREEMENT,adversarial,0.5,4,1.0,0.5259099202417672,0.9999999999,1.0
44,Non-Compete,BEYONDCOMCORP_08_03_2000-EX-10.2-CO-HOSTING AGREEMENT,random,0.33,8,0.3333333333333333,0.7375841406818013,0.9999999999,1.0
44,Non-Compete,BEYONDCOMCORP_08_03_2000-EX-10.2-CO-HOSTING AGREEMENT,topical,0.33,8,1.0,0.0,0.9999999999,1.0
44,Non-Compete,BEYONDCOMCORP_08_03_2000-EX-10.2-CO-HOSTING AGREEMENT,adversarial,0.33,8,1.0,0.5707402620779302,0.9999999999,1.0
44,Non-Compete,BEYONDCOMCORP_08_03_2000-EX-10.2-CO-HOSTING AGREEMENT,random,0.25,12,1.0,0.737557384239427,0.9999999999,1.0
44,Non-Compete,BEYONDCOMCORP_08_03_2000-EX-10.2-CO-HOSTING AGREEMENT,topical,0.25,12,1.0,0.42963493963469473,0.9999999999,1.0
44,Non-Compete,BEYONDCOMCORP_08_03_2000-EX-10.2-CO-HOSTING AGREEMENT,adversarial,0.25,12,1.0,0.4578828411828768,0.9999999999,1.0
44,Non-Compete,BEYONDCOMCORP_08_03_2000-EX-10.2-CO-HOSTING AGREEMENT,random,0.17,20,1.0,0.7261063964005232,0.9999999999,1.0
44,Non-Compete,BEYONDCOMCORP_08_03_2000-EX-10.2-CO-HOSTING AGREEMENT,topical,0.17,20,0.3333333333333333,0.0,0.9999999999,1.0
44,Non-Compete,BEYONDCOMCORP_08_03_2000-EX-10.2-CO-HOSTING AGREEMENT,adversarial,0.17,20,1.0,0.548269329819749,0.9999999999,1.0
45,Non-Compete,NeoformaInc_19991202_S-1A_EX-10.26_5224521_EX-10.26_Co-Branding Agreement,baseline,1.0,0,1.0,0.4194626772276684,0.9999999999666667,1.0
45,Non-Compete,NeoformaInc_19991202_S-1A_EX-10.26_5224521_EX-10.26_Co-Branding Agreement,random,0.5,4,1.0,0.5089522587934153,0.9999999999666667,1.0
45,Non-Compete,NeoformaInc_19991202_S-1A_EX-10.26_5224521_EX-10.26_Co-Branding Agreement,topical,0.5,4,1.0,0.6972854587760194,0.9999999999666667,1.0
45,Non-Compete,NeoformaInc_19991202_S-1A_EX-10.26_5224521_EX-10.26_Co-Branding Agreement,adversarial,0.5,4,0.8333333333333334,0.5529624929527605,0.9999999999666667,1.0
45,Non-Compete,NeoformaInc_19991202_S-1A_EX-10.26_5224521_EX-10.26_Co-Branding Agreement,random,0.33,8,0.9090909090909091,0.3622408935869451,0.9999999999666667,1.0
45,Non-Compete,NeoformaInc_19991202_S-1A_EX-10.26_5224521_EX-10.26_Co-Branding Agreement,topical,0.33,8,1.0,0.4904004550753605,0.9999999999666667,1.0
45,Non-Compete,NeoformaInc_19991202_S-1A_EX-10.26_5224521_EX-10.26_Co-Branding Agreement,adversarial,0.33,8,1.0,0.5061545944256955,0.8611111110895834,1.0
45,Non-Compete,NeoformaInc_19991202_S-1A_EX-10.26_5224521_EX-10.26_Co-Branding Agreement,random,0.25,12,1.0,0.668829585907211,0.9999999999666667,1.0
45,Non-Compete,NeoformaInc_19991202_S-1A_EX-10.26_5224521_EX-10.26_Co-Branding Agreement,topical,0.25,12,1.0,0.6907581520617515,0.9999999999666667,1.0
45,Non-Compete,NeoformaInc_19991202_S-1A_EX-10.26_5224521_EX-10.26_Co-Branding Agreement,adversarial,0.25,12,1.0,0.0,0.7999999999866666,1.0
45,Non-Compete,NeoformaInc_19991202_S-1A_EX-10.26_5224521_EX-10.26_Co-Branding Agreement,random,0.17,20,1.0,0.6838217396814873,0.9999999999666667,1.0
45,Non-Compete,NeoformaInc_19991202_S-1A_EX-10.26_5224521_EX-10.26_Co-Branding Agreement,topical,0.17,20,1.0,0.5687292710397021,0.9999999999666667,1.0
45,Non-Compete,NeoformaInc_19991202_S-1A_EX-10.26_5224521_EX-10.26_Co-Branding Agreement,adversarial,0.17,20,1.0,0.5707775159949342,0.7388235293969883,1.0
46,Non-Compete,ADAMSGOLFINC_03_21_2005-EX-10.17-ENDORSEMENT AGREEMENT,baseline,1.0,0,1.0,0.4128732871559051,0.9999999999,1.0
46,Non-Compete,ADAMSGOLFINC_03_21_2005-EX-10.17-ENDORSEMENT AGREEMENT,random,0.5,4,1.0,0.7092341156485821,0.9999999999,1.0
46,Non-Compete,ADAMSGOLFINC_03_21_2005-EX-10.17-ENDORSEMENT AGREEMENT,topical,0.5,4,0.6666666666666666,0.36415256227715875,0.9999999999,1.0
46,Non-Compete,ADAMSGOLFINC_03_21_2005-EX-10.17-ENDORSEMENT AGREEMENT,adversarial,0.5,4,0.8333333333333334,0.43865170671392834,0.9999999999,1.0
46,Non-Compete,ADAMSGOLFINC_03_21_2005-EX-10.17-ENDORSEMENT AGREEMENT,random,0.33,8,1.0,0.0,0.9999999999,1.0
46,Non-Compete,ADAMSGOLFINC_03_21_2005-EX-10.17-ENDORSEMENT AGREEMENT,topical,0.33,8,1.0,0.0,0.9999999999,1.0
46,Non-Compete,ADAMSGOLFINC_03_21_2005-EX-10.17-ENDORSEMENT AGREEMENT,adversarial,0.33,8,1.0,0.0,0.9999999999,1.0
46,Non-Compete,ADAMSGOLFINC_03_21_2005-EX-10.17-ENDORSEMENT AGREEMENT,random,0.25,12,1.0,0.0,0.9999999999,1.0
46,Non-Compete,ADAMSGOLFINC_03_21_2005-EX-10.17-ENDORSEMENT AGREEMENT,topical,0.25,12,0.3333333333333333,0.7229561051879689,0.9999999999,1.0
46,Non-Compete,ADAMSGOLFINC_03_21_2005-EX-10.17-ENDORSEMENT AGREEMENT,adversarial,0.25,12,1.0,0.0,0.9999999999,1.0
46,Non-Compete,ADAMSGOLFINC_03_21_2005-EX-10.17-ENDORSEMENT AGREEMENT,random,0.17,20,1.0,0.6572720613443948,0.9999999999,1.0
46,Non-Compete,ADAMSGOLFINC_03_21_2005-EX-10.17-ENDORSEMENT AGREEMENT,topical,0.17,20,1.0,0.5182020537411642,0.9999999999,1.0
46,Non-Compete,ADAMSGOLFINC_03_21_2005-EX-10.17-ENDORSEMENT AGREEMENT,adversarial,0.17,20,1.0,0.6736541890844924,0.9999999999,1.0
47,Non-Compete,TubeMediaCorp_20060310_8-K_EX-10.1_513921_EX-10.1_Affiliate Agreement,baseline,1.0,0,1.0,0.348156668547092,0.9999999999,1.0
47,Non-Compete,TubeMediaCorp_20060310_8-K_EX-10.1_513921_EX-10.1_Affiliate Agreement,random,0.5,4,1.0,0.7351292627648655,0.9999999999,1.0
47,Non-Compete,TubeMediaCorp_20060310_8-K_EX-10.1_513921_EX-10.1_Affiliate Agreement,topical,0.5,4,1.0,0.6977640821343865,0.9999999999,1.0
47,Non-Compete,TubeMediaCorp_20060310_8-K_EX-10.1_513921_EX-10.1_Affiliate Agreement,adversarial,0.5,4,1.0,0.0,0.99999999995,1.0
47,Non-Compete,TubeMediaCorp_20060310_8-K_EX-10.1_513921_EX-10.1_Affiliate Agreement,random,0.33,8,0.3333333333333333,0.737557384239427,0.9999999999,1.0
47,Non-Compete,TubeMediaCorp_20060310_8-K_EX-10.1_513921_EX-10.1_Affiliate Agreement,topical,0.33,8,0.3333333333333333,0.7383378402807741,0.9999999999,1.0
47,Non-Compete,TubeMediaCorp_20060310_8-K_EX-10.1_513921_EX-10.1_Affiliate Agreement,adversarial,0.33,8,1.0,0.41414015086382366,0.6111111110805556,1.0
47,Non-Compete,TubeMediaCorp_20060310_8-K_EX-10.1_513921_EX-10.1_Affiliate Agreement,random,0.25,12,1.0,0.7172286877461841,0.9999999999,1.0
47,Non-Compete,TubeMediaCorp_20060310_8-K_EX-10.1_513921_EX-10.1_Affiliate Agreement,topical,0.25,12,1.0,0.3735603289346903,0.9999999999,1.0
47,Non-Compete,TubeMediaCorp_20060310_8-K_EX-10.1_513921_EX-10.1_Affiliate Agreement,adversarial,0.25,12,1.0,0.5265373543827014,0.6111111110805556,1.0
47,Non-Compete,TubeMediaCorp_20060310_8-K_EX-10.1_513921_EX-10.1_Affiliate Agreement,random,0.17,20,1.0,0.0,0.9999999999,1.0
47,Non-Compete,TubeMediaCorp_20060310_8-K_EX-10.1_513921_EX-10.1_Affiliate Agreement,topical,0.17,20,1.0,0.0,0.9999999999,1.0
47,Non-Compete,TubeMediaCorp_20060310_8-K_EX-10.1_513921_EX-10.1_Affiliate Agreement,adversarial,0.17,20,0.8333333333333334,0.508369334363876,0.3990259740159984,1.0
48,Non-Compete,GAINSCOINC_01_21_2010-EX-10.41-SPONSORSHIP AGREEMENT,baseline,1.0,0,1.0,0.3325181214386601,0.0,1.0
48,Non-Compete,GAINSCOINC_01_21_2010-EX-10.41-SPONSORSHIP AGREEMENT,random,0.5,4,1.0,0.3325181214386601,0.0,1.0
48,Non-Compete,GAINSCOINC_01_21_2010-EX-10.41-SPONSORSHIP AGREEMENT,topical,0.5,4,1.0,0.3325215182203777,0.0,1.0
48,Non-Compete,GAINSCOINC_01_21_2010-EX-10.41-SPONSORSHIP AGREEMENT,adversarial,0.5,4,1.0,0.4592031627595338,0.0,1.0
48,Non-Compete,GAINSCOINC_01_21_2010-EX-10.41-SPONSORSHIP AGREEMENT,random,0.33,8,1.0,0.7077547923534864,0.0,0.5
48,Non-Compete,GAINSCOINC_01_21_2010-EX-10.41-SPONSORSHIP AGREEMENT,topical,0.33,8,1.0,0.33564561223337075,0.0,1.0
48,Non-Compete,GAINSCOINC_01_21_2010-EX-10.41-SPONSORSHIP AGREEMENT,adversarial,0.33,8,0.8888888888888888,0.5137403052631124,0.0,1.0
48,Non-Compete,GAINSCOINC_01_21_2010-EX-10.41-SPONSORSHIP AGREEMENT,random,0.25,12,1.0,0.48899282006768946,0.0,1.0
48,Non-Compete,GAINSCOINC_01_21_2010-EX-10.41-SPONSORSHIP AGREEMENT,topical,0.25,12,0.3333333333333333,0.7383378402807741,0.0,1.0
48,Non-Compete,GAINSCOINC_01_21_2010-EX-10.41-SPONSORSHIP AGREEMENT,adversarial,0.25,12,1.0,0.6250800712188851,0.0,1.0
48,Non-Compete,GAINSCOINC_01_21_2010-EX-10.41-SPONSORSHIP AGREEMENT,random,0.17,20,1.0,0.7074007921962341,0.0,1.0
48,Non-Compete,GAINSCOINC_01_21_2010-EX-10.41-SPONSORSHIP AGREEMENT,topical,0.17,20,1.0,0.0,0.0,1.0
48,Non-Compete,GAINSCOINC_01_21_2010-EX-10.41-SPONSORSHIP AGREEMENT,adversarial,0.17,20,1.0,0.5424024324432207,0.0,1.0
49,Non-Compete,NETGROCERINC_07_31_1998-EX-10.15-SPONSORSHIP AGREEMENT,baseline,1.0,0,1.0,0.31396828179388386,0.9999999999,1.0
49,Non-Compete,NETGROCERINC_07_31_1998-EX-10.15-SPONSORSHIP AGREEMENT,random,0.5,4,1.0,0.3139435754793162,0.9999999999,1.0
49,Non-Compete,NETGROCERINC_07_31_1998-EX-10.15-SPONSORSHIP AGREEMENT,topical,0.5,4,0.2,0.0,0.9999999999,1.0
49,Non-Compete,NETGROCERINC_07_31_1998-EX-10.15-SPONSORSHIP AGREEMENT,adversarial,0.5,4,0.8,0.4392230601901016,0.9999999999,1.0
49,Non-Compete,NETGROCERINC_07_31_1998-EX-10.15-SPONSORSHIP AGREEMENT,random,0.33,8,1.0,0.3139435754793162,0.9999999999,1.0
49,Non-Compete,NETGROCERINC_07_31_1998-EX-10.15-SPONSORSHIP AGREEMENT,topical,0.33,8,0.6,0.7092341156485821,0.9999999999,1.0
49,Non-Compete,NETGROCERINC_07_31_1998-EX-10.15-SPONSORSHIP AGREEMENT,adversarial,0.33,8,1.0,0.49368423447814697,0.9999999999,1.0
49,Non-Compete,NETGROCERINC_07_31_1998-EX-10.15-SPONSORSHIP AGREEMENT,random,0.25,12,0.3333333333333333,0.7232612202132335,0.9999999999,1.0
49,Non-Compete,NETGROCERINC_07_31_1998-EX-10.15-SPONSORSHIP AGREEMENT,topical,0.25,12,1.0,0.7237021201946139,0.9999999999,1.0
49,Non-Compete,NETGROCERINC_07_31_1998-EX-10.15-SPONSORSHIP AGREEMENT,adversarial,0.25,12,1.0,0.0,0.5714285713999999,1.0
49,Non-Compete,NETGROCERINC_07_31_1998-EX-10.15-SPONSORSHIP AGREEMENT,random,0.17,20,1.0,0.0,0.9999999999,1.0
49,Non-Compete,NETGROCERINC_07_31_1998-EX-10.15-SPONSORSHIP AGREEMENT,topical,0.17,20,1.0,0.4296166001484584,0.9999999999,1.0
49,Non-Compete,NETGROCERINC_07_31_1998-EX-10.15-SPONSORSHIP AGREEMENT,adversarial,0.17,20,1.0,0.0,0.5526315789197368,1.0
